"Date","October-04-2023"
"Time","00h14m47s"
"PAX Card Serial","M00255249"
"PAX Card Name","PAX5710 Polarization Analyzing System"
"PAX Card Next Cal","September-19-2013"
"PAX Sensor Serial","M00255490"
"PAX Sensor Name","PAN5710VIS (400 - 700nm)"
"PAX Sensor Next Cal","September-19-2012"
"Wavelength [m]",6.330000e-07
"Basic Sample Rate [SPS]",6.666670e+01
"Power Range [dBm]","Auto"
"Azimuth Offset [°]",0.000000e+00
"Number of Basic Periods",2
"Signal Averaging",1
"Result Averaging",1
"Sample Time [s]",2.999998e-02
"Number of Measurements",512
"Record Rate",1
"Record Time [s]",1.535999e+01
"Pretrigger Measurements",0
"Pretrigger Time [s]",0.000000e+00
"Trigger Source","Auto"
"Time Stamp [s]","Stokes 1","Stokes 2","Stokes 3","Azimuth [°]","Ellipticity [°]","Power Split Ratio","Phase Difference [°]","DOP [%]","Power [dBm]","Power [W]"
0.000000e+00,-4.118102e-01,-6.694206e-01,6.182948e-01,-6.079938e+01,1.909586e+01,2.940949e-01,1.372736e+02,5.995679e+01,-2.540701e+01,2.879383e-06,
2.999998e-02,-4.116810e-01,-6.693983e-01,6.184050e-01,-6.079579e+01,1.909987e+01,2.941595e-01,1.372676e+02,5.995688e+01,-2.540374e+01,2.881550e-06,
5.999997e-02,-4.118768e-01,-6.690117e-01,6.186928e-01,-6.080926e+01,1.911037e+01,2.940616e-01,1.372378e+02,5.995217e+01,-2.540388e+01,2.881454e-06,
8.999995e-02,-4.118512e-01,-6.695233e-01,6.181562e-01,-6.079869e+01,1.909081e+01,2.940744e-01,1.372844e+02,5.995649e+01,-2.540339e+01,2.881783e-06,
1.199999e-01,-4.119871e-01,-6.696488e-01,6.179297e-01,-6.080051e+01,1.908255e+01,2.940064e-01,1.373002e+02,5.995335e+01,-2.540534e+01,2.880486e-06,
1.499999e-01,-4.119883e-01,-6.694129e-01,6.181844e-01,-6.080505e+01,1.909184e+01,2.940059e-01,1.372784e+02,5.997131e+01,-2.540541e+01,2.880443e-06,
1.799999e-01,-4.114620e-01,-6.695467e-01,6.183900e-01,-6.078616e+01,1.909933e+01,2.942690e-01,1.372746e+02,5.994880e+01,-2.540270e+01,2.882241e-06,
2.099999e-01,-4.118834e-01,-6.689857e-01,6.187166e-01,-6.080996e+01,1.911124e+01,2.940583e-01,1.372356e+02,5.995428e+01,-2.540402e+01,2.881362e-06,
2.399999e-01,-4.118586e-01,-6.695855e-01,6.180840e-01,-6.079773e+01,1.908817e+01,2.940707e-01,1.372904e+02,5.995672e+01,-2.540333e+01,2.881821e-06,
2.699999e-01,-4.120765e-01,-6.694786e-01,6.180544e-01,-6.080653e+01,1.908710e+01,2.939617e-01,1.372872e+02,5.993808e+01,-2.540411e+01,2.881301e-06,
2.999998e-01,-4.118506e-01,-6.690877e-01,6.186281e-01,-6.080699e+01,1.910801e+01,2.940747e-01,1.372440e+02,5.994957e+01,-2.540234e+01,2.882475e-06,
3.299998e-01,-4.114834e-01,-6.696634e-01,6.182494e-01,-6.078460e+01,1.909421e+01,2.942583e-01,1.372861e+02,5.996273e+01,-2.539706e+01,2.885982e-06,
3.599998e-01,-4.120390e-01,-6.692489e-01,6.183282e-01,-6.080976e+01,1.909708e+01,2.939805e-01,1.372647e+02,5.996652e+01,-2.540285e+01,2.882139e-06,
3.899998e-01,-4.119615e-01,-6.696534e-01,6.179418e-01,-6.079963e+01,1.908299e+01,2.940192e-01,1.372998e+02,5.996767e+01,-2.540469e+01,2.880920e-06,
4.199998e-01,-4.122668e-01,-6.691028e-01,6.183344e-01,-6.081962e+01,1.909730e+01,2.938666e-01,1.372582e+02,5.994101e+01,-2.540327e+01,2.881861e-06,
4.499998e-01,-4.120146e-01,-6.698388e-01,6.177054e-01,-6.079774e+01,1.907438e+01,2.939927e-01,1.373187e+02,5.997413e+01,-2.540293e+01,2.882090e-06,
4.799997e-01,-4.117626e-01,-6.694182e-01,6.183291e-01,-6.079794e+01,1.909711e+01,2.941187e-01,1.372719e+02,5.995939e+01,-2.540452e+01,2.881032e-06,
5.099997e-01,-4.119697e-01,-6.690918e-01,6.185444e-01,-6.081061e+01,1.910496e+01,2.940151e-01,1.372480e+02,5.995565e+01,-2.540330e+01,2.881839e-06,
5.399997e-01,-4.118797e-01,-6.693622e-01,6.183117e-01,-6.080265e+01,1.909648e+01,2.940601e-01,1.372703e+02,5.996147e+01,-2.540573e+01,2.880228e-06,
5.699997e-01,-4.120141e-01,-6.698295e-01,6.177158e-01,-6.079790e+01,1.907476e+01,2.939930e-01,1.373178e+02,5.994675e+01,-2.540670e+01,2.879588e-06,
5.999997e-01,-4.122016e-01,-6.695974e-01,6.178423e-01,-6.080815e+01,1.907937e+01,2.938992e-01,1.373021e+02,5.996868e+01,-2.540994e+01,2.877439e-06,
6.299997e-01,-4.115689e-01,-6.693770e-01,6.185026e-01,-6.079272e+01,1.910343e+01,2.942155e-01,1.372621e+02,5.995162e+01,-2.541094e+01,2.876776e-06,
6.599996e-01,-4.119293e-01,-6.686968e-01,6.189983e-01,-6.081691e+01,1.912151e+01,2.940354e-01,1.372102e+02,5.992774e+01,-2.540800e+01,2.878723e-06,
6.899996e-01,-4.120136e-01,-6.693826e-01,6.182004e-01,-6.080642e+01,1.909242e+01,2.939932e-01,1.372763e+02,5.996427e+01,-2.540804e+01,2.878695e-06,
7.199996e-01,-4.119224e-01,-6.693936e-01,6.182492e-01,-6.080338e+01,1.909420e+01,2.940388e-01,1.372746e+02,5.993638e+01,-2.540795e+01,2.878758e-06,
7.499996e-01,-4.121154e-01,-6.695739e-01,6.179253e-01,-6.080592e+01,1.908239e+01,2.939423e-01,1.372972e+02,5.996640e+01,-2.540714e+01,2.879291e-06,
7.799996e-01,-4.116314e-01,-6.696143e-01,6.182040e-01,-6.079013e+01,1.909255e+01,2.941843e-01,1.372861e+02,5.996598e+01,-2.540773e+01,2.878901e-06,
8.099996e-01,-4.118357e-01,-6.687432e-01,6.190104e-01,-6.081311e+01,1.912195e+01,2.940822e-01,1.372117e+02,5.993734e+01,-2.540742e+01,2.879108e-06,
8.399996e-01,-4.118803e-01,-6.692645e-01,6.184171e-01,-6.080453e+01,1.910032e+01,2.940599e-01,1.372613e+02,5.995730e+01,-2.540452e+01,2.881029e-06,
8.699995e-01,-4.121171e-01,-6.696038e-01,6.178918e-01,-6.080540e+01,1.908117e+01,2.939414e-01,1.373000e+02,5.994771e+01,-2.540594e+01,2.880089e-06,
8.999995e-01,-4.122672e-01,-6.694445e-01,6.179643e-01,-6.081310e+01,1.908381e+01,2.938664e-01,1.372899e+02,5.997029e+01,-2.540917e+01,2.877950e-06,
9.299995e-01,-4.117661e-01,-6.692483e-01,6.185106e-01,-6.080130e+01,1.910373e+01,2.941170e-01,1.372563e+02,5.995666e+01,-2.540437e+01,2.881134e-06,
9.599995e-01,-4.118198e-01,-6.691855e-01,6.185428e-01,-6.080416e+01,1.910490e+01,2.940901e-01,1.372521e+02,5.994773e+01,-2.540480e+01,2.880848e-06,
9.899995e-01,-4.119250e-01,-6.692466e-01,6.184067e-01,-6.080626e+01,1.909994e+01,2.940375e-01,1.372610e+02,5.995489e+01,-2.540631e+01,2.879842e-06,
1.019999e+00,-4.120291e-01,-6.694303e-01,6.181384e-01,-6.080598e+01,1.909016e+01,2.939855e-01,1.372812e+02,5.994551e+01,-2.540523e+01,2.880557e-06,
1.049999e+00,-4.125304e-01,-6.692169e-01,6.180351e-01,-6.082562e+01,1.908640e+01,2.937348e-01,1.372769e+02,5.996785e+01,-2.540548e+01,2.880397e-06,
1.079999e+00,-4.116597e-01,-6.694084e-01,6.184081e-01,-6.079494e+01,1.909999e+01,2.941701e-01,1.372678e+02,5.994826e+01,-2.540287e+01,2.882126e-06,
1.109999e+00,-4.118923e-01,-6.692966e-01,6.183743e-01,-6.080429e+01,1.909876e+01,2.940538e-01,1.372646e+02,5.996175e+01,-2.540511e+01,2.880643e-06,
1.139999e+00,-4.121716e-01,-6.689427e-01,6.185712e-01,-6.081973e+01,1.910593e+01,2.939142e-01,1.372404e+02,5.996344e+01,-2.540799e+01,2.878733e-06,
1.169999e+00,-4.116996e-01,-6.692828e-01,6.185176e-01,-6.079857e+01,1.910398e+01,2.941502e-01,1.372574e+02,5.993389e+01,-2.540067e+01,2.883588e-06,
1.199999e+00,-4.125302e-01,-6.696609e-01,6.175542e-01,-6.081713e+01,1.906887e+01,2.937349e-01,1.373181e+02,5.997244e+01,-2.540672e+01,2.879575e-06,
1.229999e+00,-4.116673e-01,-6.694451e-01,6.183634e-01,-6.079447e+01,1.909836e+01,2.941663e-01,1.372715e+02,5.995790e+01,-2.540232e+01,2.882490e-06,
1.259999e+00,-4.117691e-01,-6.691909e-01,6.185707e-01,-6.080249e+01,1.910592e+01,2.941155e-01,1.372511e+02,5.994913e+01,-2.540206e+01,2.882662e-06,
1.289999e+00,-4.122435e-01,-6.692022e-01,6.182424e-01,-6.081700e+01,1.909395e+01,2.938783e-01,1.372667e+02,5.998481e+01,-2.540333e+01,2.881822e-06,
1.319999e+00,-4.117679e-01,-6.692592e-01,6.184976e-01,-6.080114e+01,1.910325e+01,2.941161e-01,1.372574e+02,5.994240e+01,-2.540320e+01,2.881906e-06,
1.349999e+00,-4.124299e-01,-6.692987e-01,6.180136e-01,-6.082094e+01,1.908561e+01,2.937850e-01,1.372814e+02,5.996158e+01,-2.540144e+01,2.883078e-06,
1.379999e+00,-4.117097e-01,-6.697739e-01,6.179790e-01,-6.078951e+01,1.908435e+01,2.941451e-01,1.373033e+02,5.997381e+01,-2.540073e+01,2.883550e-06,
1.409999e+00,-4.115949e-01,-6.691009e-01,6.187840e-01,-6.079880e+01,1.911369e+01,2.942025e-01,1.372374e+02,5.993398e+01,-2.540097e+01,2.883388e-06,
1.439999e+00,-4.118913e-01,-6.693021e-01,6.183691e-01,-6.080416e+01,1.909857e+01,2.940544e-01,1.372651e+02,5.996370e+01,-2.539984e+01,2.884139e-06,
1.469999e+00,-4.118369e-01,-6.698335e-01,6.178296e-01,-6.079232e+01,1.907891e+01,2.940815e-01,1.373127e+02,5.995561e+01,-2.540249e+01,2.882377e-06,
1.499999e+00,-4.122223e-01,-6.692533e-01,6.182013e-01,-6.081536e+01,1.909245e+01,2.938888e-01,1.372708e+02,5.994383e+01,-2.540625e+01,2.879882e-06,
1.529999e+00,-4.118451e-01,-6.694999e-01,6.181856e-01,-6.079895e+01,1.909188e+01,2.940774e-01,1.372820e+02,5.996576e+01,-2.540151e+01,2.883028e-06,
1.559999e+00,-4.115688e-01,-6.694768e-01,6.183946e-01,-6.079081e+01,1.909950e+01,2.942156e-01,1.372714e+02,5.994918e+01,-2.540230e+01,2.882502e-06,
1.589999e+00,-4.120722e-01,-6.690430e-01,6.185289e-01,-6.081472e+01,1.910439e+01,2.939639e-01,1.372467e+02,5.996449e+01,-2.540586e+01,2.880144e-06,
1.619999e+00,-4.117015e-01,-6.691786e-01,6.186291e-01,-6.080062e+01,1.910805e+01,2.941492e-01,1.372478e+02,5.993407e+01,-2.540117e+01,2.883254e-06,
1.649999e+00,-4.124023e-01,-6.697600e-01,6.175321e-01,-6.081127e+01,1.906807e+01,2.937988e-01,1.373233e+02,5.996429e+01,-2.540451e+01,2.881036e-06,
1.679999e+00,-4.119553e-01,-6.690973e-01,6.185480e-01,-6.081006e+01,1.910509e+01,2.940223e-01,1.372481e+02,5.995753e+01,-2.540569e+01,2.880256e-06,
1.709999e+00,-4.113810e-01,-6.694535e-01,6.185448e-01,-6.078542e+01,1.910497e+01,2.943095e-01,1.372635e+02,5.994213e+01,-2.539808e+01,2.885304e-06,
1.739999e+00,-4.117953e-01,-6.694145e-01,6.183113e-01,-6.079903e+01,1.909646e+01,2.941024e-01,1.372726e+02,5.996368e+01,-2.540309e+01,2.881981e-06,
1.769999e+00,-4.118305e-01,-6.695943e-01,6.180931e-01,-6.079669e+01,1.908851e+01,2.940848e-01,1.372903e+02,5.994971e+01,-2.540332e+01,2.881828e-06,
1.799999e+00,-4.122158e-01,-6.693563e-01,6.180940e-01,-6.081319e+01,1.908854e+01,2.938921e-01,1.372801e+02,5.995364e+01,-2.540413e+01,2.881287e-06,
1.829999e+00,-4.117948e-01,-6.695594e-01,6.181547e-01,-6.079625e+01,1.909075e+01,2.941026e-01,1.372860e+02,5.996515e+01,-2.540211e+01,2.882631e-06,
1.859999e+00,-4.116730e-01,-6.690150e-01,6.188249e-01,-6.080286e+01,1.911518e+01,2.941635e-01,1.372318e+02,5.993911e+01,-2.540038e+01,2.883778e-06,
1.889999e+00,-4.120298e-01,-6.690080e-01,6.185949e-01,-6.081408e+01,1.910680e+01,2.939851e-01,1.372421e+02,5.996259e+01,-2.539954e+01,2.884336e-06,
1.919999e+00,-4.118218e-01,-6.696699e-01,6.180170e-01,-6.079498e+01,1.908573e+01,2.940891e-01,1.372971e+02,5.996774e+01,-2.539957e+01,2.884317e-06,
1.949999e+00,-4.122110e-01,-6.696102e-01,6.178222e-01,-6.080819e+01,1.907864e+01,2.938945e-01,1.373035e+02,5.995237e+01,-2.540364e+01,2.881613e-06,
1.979999e+00,-4.121274e-01,-6.693468e-01,6.181632e-01,-6.081063e+01,1.909106e+01,2.939363e-01,1.372765e+02,5.996727e+01,-2.540423e+01,2.881225e-06,
2.009999e+00,-4.114993e-01,-6.693442e-01,6.185845e-01,-6.079118e+01,1.910642e+01,2.942504e-01,1.372570e+02,5.994613e+01,-2.540170e+01,2.882904e-06,
2.039999e+00,-4.118843e-01,-6.690822e-01,6.186116e-01,-6.080814e+01,1.910741e+01,2.940578e-01,1.372445e+02,5.995201e+01,-2.540183e+01,2.882819e-06,
2.069999e+00,-4.118782e-01,-6.694689e-01,6.181972e-01,-6.080056e+01,1.909230e+01,2.940609e-01,1.372802e+02,5.995721e+01,-2.540179e+01,2.882846e-06,
2.099999e+00,-4.120533e-01,-6.697454e-01,6.177809e-01,-6.080072e+01,1.907713e+01,2.939733e-01,1.373112e+02,5.994835e+01,-2.540418e+01,2.881258e-06,
2.129999e+00,-4.119465e-01,-6.692637e-01,6.183738e-01,-6.080661e+01,1.909874e+01,2.940267e-01,1.372633e+02,5.995331e+01,-2.540388e+01,2.881454e-06,
2.159999e+00,-4.113267e-01,-6.689956e-01,6.190761e-01,-6.079248e+01,1.912435e+01,2.943366e-01,1.372194e+02,5.993163e+01,-2.539519e+01,2.887225e-06,
2.189999e+00,-4.118855e-01,-6.692340e-01,6.184466e-01,-6.080528e+01,1.910139e+01,2.940572e-01,1.372586e+02,5.996110e+01,-2.539627e+01,2.886508e-06,
2.219999e+00,-4.117542e-01,-6.697341e-01,6.179924e-01,-6.079165e+01,1.908484e+01,2.941229e-01,1.373009e+02,5.996540e+01,-2.539738e+01,2.885775e-06,
2.249999e+00,-4.120815e-01,-6.696817e-01,6.178311e-01,-6.080281e+01,1.907896e+01,2.939592e-01,1.373062e+02,5.994638e+01,-2.540201e+01,2.882697e-06,
2.279999e+00,-4.120479e-01,-6.695137e-01,6.180355e-01,-6.080498e+01,1.908641e+01,2.939760e-01,1.372896e+02,5.997148e+01,-2.540242e+01,2.882424e-06,
2.309999e+00,-4.114974e-01,-6.692922e-01,6.186419e-01,-6.079211e+01,1.910851e+01,2.942513e-01,1.372521e+02,5.995103e+01,-2.539915e+01,2.884594e-06,
2.339999e+00,-4.118158e-01,-6.691640e-01,6.185687e-01,-6.080445e+01,1.910584e+01,2.940921e-01,1.372500e+02,5.994826e+01,-2.539910e+01,2.884629e-06,
2.369999e+00,-4.118141e-01,-6.697749e-01,6.179083e-01,-6.079273e+01,1.908177e+01,2.940929e-01,1.373066e+02,5.996922e+01,-2.540056e+01,2.883660e-06,
2.399999e+00,-4.121935e-01,-6.695457e-01,6.179037e-01,-6.080888e+01,1.908161e+01,2.939032e-01,1.372970e+02,5.995612e+01,-2.540362e+01,2.881628e-06,
2.429999e+00,-4.120330e-01,-6.696645e-01,6.178821e-01,-6.080163e+01,1.908082e+01,2.939835e-01,1.373031e+02,5.998244e+01,-2.540418e+01,2.881256e-06,
2.459999e+00,-4.116332e-01,-6.691710e-01,6.186827e-01,-6.079865e+01,1.911000e+01,2.941834e-01,1.372450e+02,5.994224e+01,-2.540306e+01,2.881998e-06,
2.489999e+00,-4.119584e-01,-6.689920e-01,6.186598e-01,-6.081217e+01,1.910917e+01,2.940208e-01,1.372385e+02,5.995325e+01,-2.540139e+01,2.883111e-06,
2.519999e+00,-4.117804e-01,-6.693514e-01,6.183895e-01,-6.079977e+01,1.909931e+01,2.941098e-01,1.372663e+02,5.994869e+01,-2.540009e+01,2.883970e-06,
2.549999e+00,-4.119996e-01,-6.694054e-01,6.181850e-01,-6.080555e+01,1.909186e+01,2.940002e-01,1.372780e+02,5.994992e+01,-2.539943e+01,2.884412e-06,
2.579999e+00,-4.117632e-01,-6.701055e-01,6.175838e-01,-6.078485e+01,1.906995e+01,2.941184e-01,1.373357e+02,5.999067e+01,-2.540035e+01,2.883798e-06,
2.609999e+00,-4.115976e-01,-6.696200e-01,6.182204e-01,-6.078897e+01,1.909315e+01,2.942012e-01,1.372855e+02,5.996312e+01,-2.540484e+01,2.880819e-06,
2.639999e+00,-4.118855e-01,-6.688447e-01,6.188676e-01,-6.081272e+01,1.911674e+01,2.940572e-01,1.372226e+02,5.994955e+01,-2.540309e+01,2.881983e-06,
2.669999e+00,-4.118978e-01,-6.694498e-01,6.182048e-01,-6.080154e+01,1.909258e+01,2.940511e-01,1.372790e+02,5.996009e+01,-2.540219e+01,2.882574e-06,
2.699999e+00,-4.122628e-01,-6.694912e-01,6.179166e-01,-6.081207e+01,1.908208e+01,2.938686e-01,1.372941e+02,5.994940e+01,-2.540402e+01,2.881366e-06,
2.729999e+00,-4.117895e-01,-6.695289e-01,6.181913e-01,-6.079667e+01,1.909209e+01,2.941053e-01,1.372830e+02,5.997229e+01,-2.540284e+01,2.882149e-06,
2.759999e+00,-4.114602e-01,-6.694101e-01,6.185391e-01,-6.078871e+01,1.910477e+01,2.942699e-01,1.372619e+02,5.994492e+01,-2.539972e+01,2.884217e-06,
2.789999e+00,-4.119826e-01,-6.692809e-01,6.183312e-01,-6.080740e+01,1.909719e+01,2.940087e-01,1.372660e+02,5.996790e+01,-2.540200e+01,2.882703e-06,
2.819998e+00,-4.117136e-01,-6.692707e-01,6.185213e-01,-6.079924e+01,1.910411e+01,2.941432e-01,1.372568e+02,5.994766e+01,-2.540075e+01,2.883535e-06,
2.849998e+00,-4.120943e-01,-6.692743e-01,6.182639e-01,-6.081099e+01,1.909473e+01,2.939529e-01,1.372688e+02,5.994037e+01,-2.539838e+01,2.885108e-06,
2.879998e+00,-4.119345e-01,-6.698421e-01,6.177552e-01,-6.079519e+01,1.907620e+01,2.940327e-01,1.373165e+02,5.997993e+01,-2.539914e+01,2.884606e-06,
2.909998e+00,-4.116559e-01,-6.694203e-01,6.183978e-01,-6.079459e+01,1.909961e+01,2.941720e-01,1.372688e+02,5.995541e+01,-2.539992e+01,2.884085e-06,
2.939998e+00,-4.119159e-01,-6.692265e-01,6.184345e-01,-6.080637e+01,1.910095e+01,2.940420e-01,1.372589e+02,5.996269e+01,-2.540121e+01,2.883225e-06,
2.969998e+00,-4.118109e-01,-6.693609e-01,6.183590e-01,-6.080054e+01,1.909820e+01,2.940946e-01,1.372681e+02,5.995195e+01,-2.539943e+01,2.884411e-06,
2.999998e+00,-4.120758e-01,-6.694382e-01,6.180987e-01,-6.080729e+01,1.908871e+01,2.939621e-01,1.372834e+02,5.995596e+01,-2.539842e+01,2.885083e-06,
3.029998e+00,-4.118784e-01,-6.699843e-01,6.176384e-01,-6.079073e+01,1.907194e+01,2.940608e-01,1.373280e+02,5.998845e+01,-2.540036e+01,2.883796e-06,
3.059998e+00,-4.117374e-01,-6.691732e-01,6.186109e-01,-6.080184e+01,1.910738e+01,2.941313e-01,1.372485e+02,5.994923e+01,-2.540290e+01,2.882109e-06,
3.089998e+00,-4.119492e-01,-6.691359e-01,6.185103e-01,-6.080913e+01,1.910371e+01,2.940254e-01,1.372515e+02,5.996787e+01,-2.540115e+01,2.883269e-06,
3.119998e+00,-4.119577e-01,-6.698151e-01,6.177690e-01,-6.079642e+01,1.907670e+01,2.940212e-01,1.373147e+02,5.996233e+01,-2.540509e+01,2.880657e-06,
3.149998e+00,-4.121942e-01,-6.692841e-01,6.181866e-01,-6.081390e+01,1.909192e+01,2.939029e-01,1.372728e+02,5.994666e+01,-2.540566e+01,2.880277e-06,
3.179998e+00,-4.119290e-01,-6.691180e-01,6.185431e-01,-6.080885e+01,1.910491e+01,2.940355e-01,1.372492e+02,5.995687e+01,-2.540154e+01,2.883008e-06,
3.209998e+00,-4.116059e-01,-6.691817e-01,6.186892e-01,-6.079760e+01,1.911024e+01,2.941970e-01,1.372452e+02,5.993928e+01,-2.539845e+01,2.885062e-06,
3.239998e+00,-4.120253e-01,-6.689435e-01,6.186677e-01,-6.081517e+01,1.910946e+01,2.939874e-01,1.372360e+02,5.995759e+01,-2.539872e+01,2.884882e-06,
3.269998e+00,-4.121849e-01,-6.695726e-01,6.178803e-01,-6.080810e+01,1.908076e+01,2.939076e-01,1.372992e+02,5.996171e+01,-2.540225e+01,2.882538e-06,
3.299998e+00,-4.120877e-01,-6.692225e-01,6.183243e-01,-6.081178e+01,1.909693e+01,2.939561e-01,1.372638e+02,5.993703e+01,-2.540048e+01,2.883711e-06,
3.329998e+00,-4.119709e-01,-6.696320e-01,6.179588e-01,-6.080033e+01,1.908361e+01,2.940146e-01,1.372981e+02,5.997341e+01,-2.540131e+01,2.883164e-06,
3.359998e+00,-4.116067e-01,-6.697589e-01,6.180639e-01,-6.078660e+01,1.908744e+01,2.941966e-01,1.372987e+02,5.996375e+01,-2.540274e+01,2.882214e-06,
3.389998e+00,-4.120286e-01,-6.687213e-01,6.189057e-01,-6.081952e+01,1.911813e+01,2.939857e-01,1.372155e+02,5.995195e+01,-2.540221e+01,2.882566e-06,
3.419998e+00,-4.119668e-01,-6.691624e-01,6.184699e-01,-6.080917e+01,1.910224e+01,2.940166e-01,1.372545e+02,5.995189e+01,-2.540251e+01,2.882366e-06,
3.449998e+00,-4.122451e-01,-6.695372e-01,6.178786e-01,-6.081065e+01,1.908069e+01,2.938775e-01,1.372978e+02,5.995051e+01,-2.540207e+01,2.882656e-06,
3.479998e+00,-4.120003e-01,-6.694621e-01,6.181232e-01,-6.080449e+01,1.908960e+01,2.939998e-01,1.372833e+02,5.997866e+01,-2.540112e+01,2.883286e-06,
3.509998e+00,-4.116277e-01,-6.697650e-01,6.180432e-01,-6.078714e+01,1.908669e+01,2.941861e-01,1.372999e+02,5.996842e+01,-2.540152e+01,2.883023e-06,
3.539998e+00,-4.118174e-01,-6.690123e-01,6.187318e-01,-6.080740e+01,1.911179e+01,2.940913e-01,1.372360e+02,5.995195e+01,-2.540423e+01,2.881223e-06,
3.569998e+00,-4.119445e-01,-6.696184e-01,6.179910e-01,-6.079977e+01,1.908479e+01,2.940278e-01,1.372961e+02,5.996456e+01,-2.540612e+01,2.879970e-06,
3.599998e+00,-4.119907e-01,-6.692226e-01,6.183888e-01,-6.080876e+01,1.909929e+01,2.940047e-01,1.372608e+02,5.993885e+01,-2.540565e+01,2.880285e-06,
3.629998e+00,-4.119462e-01,-6.693680e-01,6.182612e-01,-6.080460e+01,1.909463e+01,2.940269e-01,1.372729e+02,5.995924e+01,-2.540374e+01,2.881549e-06,
3.659998e+00,-4.116738e-01,-6.694794e-01,6.183220e-01,-6.079402e+01,1.909685e+01,2.941631e-01,1.372749e+02,5.996263e+01,-2.540303e+01,2.882021e-06,
3.689998e+00,-4.118779e-01,-6.689399e-01,6.187697e-01,-6.081067e+01,1.911317e+01,2.940610e-01,1.372312e+02,5.994642e+01,-2.540373e+01,2.881557e-06,
3.719998e+00,-4.117730e-01,-6.694224e-01,6.183175e-01,-6.079819e+01,1.909669e+01,2.941135e-01,1.372726e+02,5.995834e+01,-2.540159e+01,2.882973e-06,
3.749998e+00,-4.118883e-01,-6.696259e-01,6.180204e-01,-6.079788e+01,1.908586e+01,2.940559e-01,1.372950e+02,5.994505e+01,-2.540042e+01,2.883755e-06,
3.779998e+00,-4.119272e-01,-6.695727e-01,6.180521e-01,-6.080010e+01,1.908701e+01,2.940364e-01,1.372913e+02,5.997663e+01,-2.540365e+01,2.881611e-06,
3.809998e+00,-4.118028e-01,-6.694572e-01,6.182601e-01,-6.079845e+01,1.909459e+01,2.940986e-01,1.372768e+02,5.996046e+01,-2.540298e+01,2.882052e-06,
3.839998e+00,-4.120079e-01,-6.691708e-01,6.184334e-01,-6.081029e+01,1.910091e+01,2.939960e-01,1.372565e+02,5.996698e+01,-2.540576e+01,2.880209e-06,
3.869998e+00,-4.117759e-01,-6.690369e-01,6.187327e-01,-6.080564e+01,1.911183e+01,2.941121e-01,1.372370e+02,5.994866e+01,-2.540198e+01,2.882715e-06,
3.899998e+00,-4.122670e-01,-6.693780e-01,6.180364e-01,-6.081437e+01,1.908644e+01,2.938665e-01,1.372837e+02,5.995450e+01,-2.540372e+01,2.881565e-06,
3.929998e+00,-4.119856e-01,-6.694331e-01,6.181643e-01,-6.080458e+01,1.909110e+01,2.940072e-01,1.372802e+02,5.997361e+01,-2.540180e+01,2.882834e-06,
3.959998e+00,-4.117453e-01,-6.694400e-01,6.183169e-01,-6.079699e+01,1.909667e+01,2.941274e-01,1.372734e+02,5.995015e+01,-2.540008e+01,2.883976e-06,
3.989998e+00,-4.117734e-01,-6.687040e-01,6.190942e-01,-6.081193e+01,1.912501e+01,2.941133e-01,1.372061e+02,5.993707e+01,-2.539861e+01,2.884952e-06,
4.019998e+00,-4.119542e-01,-6.698524e-01,6.177309e-01,-6.079560e+01,1.907531e+01,2.940229e-01,1.373181e+02,5.998679e+01,-2.540144e+01,2.883078e-06,
4.049998e+00,-4.120931e-01,-6.691024e-01,6.184507e-01,-6.081424e+01,1.910154e+01,2.939534e-01,1.372528e+02,5.993464e+01,-2.540310e+01,2.881972e-06,
4.079998e+00,-4.120803e-01,-6.693213e-01,6.182223e-01,-6.080966e+01,1.909322e+01,2.939598e-01,1.372727e+02,5.996754e+01,-2.540016e+01,2.883922e-06,
4.109998e+00,-4.113657e-01,-6.695722e-01,6.184265e-01,-6.078268e+01,1.910066e+01,2.943171e-01,1.372740e+02,5.994954e+01,-2.539628e+01,2.886505e-06,
4.139998e+00,-4.117781e-01,-6.693126e-01,6.184330e-01,-6.080044e+01,1.910090e+01,2.941110e-01,1.372626e+02,5.995852e+01,-2.539781e+01,2.885484e-06,
4.169998e+00,-4.119524e-01,-6.692483e-01,6.183866e-01,-6.080708e+01,1.909921e+01,2.940238e-01,1.372620e+02,5.995533e+01,-2.540053e+01,2.883679e-06,
4.199998e+00,-4.119722e-01,-6.696134e-01,6.179780e-01,-6.080072e+01,1.908431e+01,2.940139e-01,1.372965e+02,5.994025e+01,-2.539759e+01,2.885632e-06,
4.229998e+00,-4.120321e-01,-6.697172e-01,6.178255e-01,-6.080060e+01,1.907876e+01,2.939840e-01,1.373079e+02,5.997966e+01,-2.540264e+01,2.882280e-06,
4.259998e+00,-4.115748e-01,-6.695786e-01,6.182804e-01,-6.078905e+01,1.909534e+01,2.942126e-01,1.372810e+02,5.996265e+01,-2.540184e+01,2.882812e-06,
4.289998e+00,-4.116426e-01,-6.686606e-01,6.192281e-01,-6.080870e+01,1.912989e+01,2.941787e-01,1.371981e+02,5.992954e+01,-2.539858e+01,2.884973e-06,
4.319998e+00,-4.118458e-01,-6.696254e-01,6.180492e-01,-6.079657e+01,1.908691e+01,2.940771e-01,1.372937e+02,5.996595e+01,-2.539679e+01,2.886165e-06,
4.349998e+00,-4.119351e-01,-6.693914e-01,6.182432e-01,-6.080381e+01,1.909398e+01,2.940325e-01,1.372747e+02,5.994262e+01,-2.540143e+01,2.883085e-06,
4.379998e+00,-4.119926e-01,-6.694713e-01,6.181183e-01,-6.080407e+01,1.908943e+01,2.940037e-01,1.372839e+02,5.995974e+01,-2.539917e+01,2.884580e-06,
4.409998e+00,-4.115063e-01,-6.698051e-01,6.180807e-01,-6.078260e+01,1.908806e+01,2.942469e-01,1.372999e+02,5.996823e+01,-2.540120e+01,2.883236e-06,
4.439998e+00,-4.116471e-01,-6.691976e-01,6.186447e-01,-6.079857e+01,1.910862e+01,2.941764e-01,1.372479e+02,5.994833e+01,-2.540101e+01,2.883363e-06,
4.469998e+00,-4.118519e-01,-6.693098e-01,6.183869e-01,-6.080279e+01,1.909922e+01,2.940740e-01,1.372646e+02,5.996251e+01,-2.540027e+01,2.883855e-06,
4.499998e+00,-4.120032e-01,-6.695885e-01,6.179843e-01,-6.080216e+01,1.908454e+01,2.939984e-01,1.372951e+02,5.995305e+01,-2.540199e+01,2.882713e-06,
4.529998e+00,-4.119148e-01,-6.696054e-01,6.180249e-01,-6.079910e+01,1.908602e+01,2.940426e-01,1.372940e+02,5.995994e+01,-2.540340e+01,2.881778e-06,
4.559998e+00,-4.116124e-01,-6.693686e-01,6.184828e-01,-6.079423e+01,1.910271e+01,2.941938e-01,1.372627e+02,5.995393e+01,-2.540151e+01,2.883032e-06,
4.589998e+00,-4.117807e-01,-6.688891e-01,6.188893e-01,-6.080862e+01,1.911754e+01,2.941096e-01,1.372235e+02,5.993894e+01,-2.540104e+01,2.883344e-06,
4.619998e+00,-4.119966e-01,-6.694224e-01,6.181686e-01,-6.080513e+01,1.909126e+01,2.940017e-01,1.372795e+02,5.996826e+01,-2.540142e+01,2.883088e-06,
4.649998e+00,-4.121019e-01,-6.697015e-01,6.177960e-01,-6.080307e+01,1.907768e+01,2.939490e-01,1.373086e+02,5.996411e+01,-2.540309e+01,2.881983e-06,
4.679998e+00,-4.121848e-01,-6.696320e-01,6.178161e-01,-6.080696e+01,1.907841e+01,2.939076e-01,1.373047e+02,5.998623e+01,-2.540641e+01,2.879776e-06,
4.709997e+00,-4.115175e-01,-6.693296e-01,6.185881e-01,-6.079203e+01,1.910655e+01,2.942412e-01,1.372562e+02,5.995479e+01,-2.540442e+01,2.881100e-06,
4.739997e+00,-4.116591e-01,-6.689731e-01,6.188795e-01,-6.080323e+01,1.911718e+01,2.941705e-01,1.372275e+02,5.993789e+01,-2.540169e+01,2.882908e-06,
4.769997e+00,-4.119935e-01,-6.691989e-01,6.184126e-01,-6.080930e+01,1.910015e+01,2.940032e-01,1.372587e+02,5.995599e+01,-2.540307e+01,2.881994e-06,
4.799997e+00,-4.119038e-01,-6.693885e-01,6.182672e-01,-6.080289e+01,1.909485e+01,2.940481e-01,1.372735e+02,5.994407e+01,-2.540244e+01,2.882410e-06,
4.829997e+00,-4.124109e-01,-6.694578e-01,6.178539e-01,-6.081731e+01,1.907979e+01,2.937945e-01,1.372956e+02,5.997379e+01,-2.540184e+01,2.882812e-06,
4.859997e+00,-4.116935e-01,-6.696635e-01,6.181095e-01,-6.079111e+01,1.908911e+01,2.941533e-01,1.372925e+02,5.997874e+01,-2.540070e+01,2.883567e-06,
4.889997e+00,-4.116832e-01,-6.689593e-01,6.188783e-01,-6.080424e+01,1.911713e+01,2.941584e-01,1.372270e+02,5.993959e+01,-2.540016e+01,2.883929e-06,
4.919997e+00,-4.118350e-01,-6.691622e-01,6.185579e-01,-6.080508e+01,1.910545e+01,2.940825e-01,1.372504e+02,5.996177e+01,-2.539868e+01,2.884908e-06,
4.949997e+00,-4.118310e-01,-6.695931e-01,6.180941e-01,-6.079673e+01,1.908854e+01,2.940845e-01,1.372902e+02,5.995065e+01,-2.539786e+01,2.885456e-06,
4.979997e+00,-4.122048e-01,-6.693930e-01,6.180617e-01,-6.081215e+01,1.908736e+01,2.938976e-01,1.372832e+02,5.996177e+01,-2.539886e+01,2.884789e-06,
5.009997e+00,-4.116283e-01,-6.696968e-01,6.181167e-01,-6.078846e+01,1.908937e+01,2.941858e-01,1.372936e+02,5.996747e+01,-2.539831e+01,2.885156e-06,
5.039997e+00,-4.116166e-01,-6.696174e-01,6.182106e-01,-6.078961e+01,1.909279e+01,2.941917e-01,1.372859e+02,5.996090e+01,-2.540068e+01,2.883579e-06,
5.069997e+00,-4.117815e-01,-6.691465e-01,6.186105e-01,-6.080372e+01,1.910737e+01,2.941092e-01,1.372473e+02,5.995875e+01,-2.540215e+01,2.882601e-06,
5.099997e+00,-4.119679e-01,-6.694131e-01,6.181978e-01,-6.080441e+01,1.909233e+01,2.940161e-01,1.372778e+02,5.995307e+01,-2.540146e+01,2.883065e-06,
5.129997e+00,-4.123387e-01,-6.693807e-01,6.179857e-01,-6.081654e+01,1.908459e+01,2.938307e-01,1.372862e+02,5.996094e+01,-2.540394e+01,2.881414e-06,
5.159997e+00,-4.119123e-01,-6.696641e-01,6.179630e-01,-6.079790e+01,1.908377e+01,2.940438e-01,1.372993e+02,5.997682e+01,-2.540303e+01,2.882017e-06,
5.189997e+00,-4.116037e-01,-6.690434e-01,6.188403e-01,-6.080017e+01,1.911575e+01,2.941981e-01,1.372323e+02,5.993768e+01,-2.540269e+01,2.882249e-06,
5.219997e+00,-4.118409e-01,-6.690370e-01,6.186894e-01,-6.080766e+01,1.911024e+01,2.940795e-01,1.372390e+02,5.995362e+01,-2.540059e+01,2.883642e-06,
5.249997e+00,-4.119430e-01,-6.696339e-01,6.179752e-01,-6.079942e+01,1.908421e+01,2.940285e-01,1.372975e+02,5.996667e+01,-2.540180e+01,2.882837e-06,
5.279997e+00,-4.124210e-01,-6.692774e-01,6.180427e-01,-6.082107e+01,1.908667e+01,2.937895e-01,1.372791e+02,5.995723e+01,-2.540387e+01,2.881465e-06,
5.309997e+00,-4.118304e-01,-6.697606e-01,6.179130e-01,-6.079351e+01,1.908195e+01,2.940848e-01,1.373057e+02,5.997419e+01,-2.540338e+01,2.881785e-06,
5.339997e+00,-4.115539e-01,-6.692832e-01,6.186141e-01,-6.079404e+01,1.910750e+01,2.942231e-01,1.372530e+02,5.993939e+01,-2.540375e+01,2.881540e-06,
5.369997e+00,-4.118558e-01,-6.691476e-01,6.185598e-01,-6.080601e+01,1.910552e+01,2.940721e-01,1.372497e+02,5.995988e+01,-2.540411e+01,2.881302e-06,
5.399997e+00,-4.117186e-01,-6.693869e-01,6.183922e-01,-6.079718e+01,1.909941e+01,2.941407e-01,1.372677e+02,5.995689e+01,-2.540232e+01,2.882493e-06,
5.429997e+00,-4.120810e-01,-6.694304e-01,6.181037e-01,-6.080759e+01,1.908890e+01,2.939595e-01,1.372828e+02,5.995113e+01,-2.540239e+01,2.882446e-06,
5.459997e+00,-4.118278e-01,-6.695550e-01,6.181375e-01,-6.079736e+01,1.909013e+01,2.940861e-01,1.372866e+02,5.996587e+01,-2.540032e+01,2.883821e-06,
5.489997e+00,-4.113458e-01,-6.697345e-01,6.182639e-01,-6.077896e+01,1.909473e+01,2.943271e-01,1.372884e+02,5.995087e+01,-2.540059e+01,2.883641e-06,
5.519997e+00,-4.119611e-01,-6.692265e-01,6.184044e-01,-6.080777e+01,1.909985e+01,2.940194e-01,1.372603e+02,5.995894e+01,-2.540436e+01,2.881138e-06,
5.549997e+00,-4.116351e-01,-6.691594e-01,6.186940e-01,-6.079893e+01,1.911041e+01,2.941825e-01,1.372440e+02,5.993383e+01,-2.540067e+01,2.883583e-06,
5.579997e+00,-4.121211e-01,-6.695950e-01,6.178987e-01,-6.080569e+01,1.908142e+01,2.939395e-01,1.372993e+02,5.995164e+01,-2.540266e+01,2.882264e-06,
5.609997e+00,-4.117303e-01,-6.696338e-01,6.181170e-01,-6.079282e+01,1.908938e+01,2.941349e-01,1.372909e+02,5.997263e+01,-2.540262e+01,2.882294e-06,
5.639997e+00,-4.115530e-01,-6.690997e-01,6.188131e-01,-6.079752e+01,1.911476e+01,2.942235e-01,1.372360e+02,5.994509e+01,-2.540026e+01,2.883861e-06,
5.669997e+00,-4.119437e-01,-6.692359e-01,6.184057e-01,-6.080705e+01,1.909990e+01,2.940281e-01,1.372606e+02,5.996854e+01,-2.540042e+01,2.883755e-06,
5.699997e+00,-4.118988e-01,-6.696517e-01,6.179854e-01,-6.079771e+01,1.908458e+01,2.940506e-01,1.372978e+02,5.995414e+01,-2.540193e+01,2.882751e-06,
5.729997e+00,-4.120976e-01,-6.694755e-01,6.180438e-01,-6.080725e+01,1.908671e+01,2.939512e-01,1.372875e+02,5.995474e+01,-2.540258e+01,2.882318e-06,
5.759997e+00,-4.116642e-01,-6.697466e-01,6.180389e-01,-6.078862e+01,1.908653e+01,2.941679e-01,1.372993e+02,5.997160e+01,-2.540298e+01,2.882052e-06,
5.789997e+00,-4.116622e-01,-6.689927e-01,6.188562e-01,-6.080296e+01,1.911633e+01,2.941689e-01,1.372294e+02,5.993086e+01,-2.540225e+01,2.882535e-06,
5.819997e+00,-4.119618e-01,-6.689399e-01,6.187139e-01,-6.081327e+01,1.911114e+01,2.940191e-01,1.372337e+02,5.996414e+01,-2.540059e+01,2.883637e-06,
5.849997e+00,-4.118785e-01,-6.695855e-01,6.180706e-01,-6.079835e+01,1.908769e+01,2.940607e-01,1.372910e+02,5.995762e+01,-2.540138e+01,2.883112e-06,
5.879997e+00,-4.121378e-01,-6.693316e-01,6.181729e-01,-6.081124e+01,1.909142e+01,2.939311e-01,1.372754e+02,5.994872e+01,-2.540131e+01,2.883160e-06,
5.909997e+00,-4.119084e-01,-6.695017e-01,6.181415e-01,-6.080088e+01,1.909027e+01,2.940458e-01,1.372841e+02,5.997122e+01,-2.540044e+01,2.883740e-06,
5.939997e+00,-4.115197e-01,-6.694629e-01,6.184424e-01,-6.078955e+01,1.910124e+01,2.942402e-01,1.372686e+02,5.994168e+01,-2.540149e+01,2.883045e-06,
5.969997e+00,-4.119508e-01,-6.692894e-01,6.183431e-01,-6.080625e+01,1.909762e+01,2.940246e-01,1.372658e+02,5.997029e+01,-2.540330e+01,2.881843e-06,
5.999997e+00,-4.117148e-01,-6.694047e-01,6.183755e-01,-6.079672e+01,1.909880e+01,2.941426e-01,1.372692e+02,5.995288e+01,-2.540433e+01,2.881160e-06,
6.029997e+00,-4.122128e-01,-6.694694e-01,6.179736e-01,-6.081094e+01,1.908415e+01,2.938936e-01,1.372905e+02,5.997142e+01,-2.540488e+01,2.880790e-06,
6.059997e+00,-4.117782e-01,-6.696597e-01,6.180571e-01,-6.079382e+01,1.908720e+01,2.941109e-01,1.372948e+02,5.997496e+01,-2.540382e+01,2.881494e-06,
6.089997e+00,-4.115080e-01,-6.692349e-01,6.186969e-01,-6.079354e+01,1.911052e+01,2.942460e-01,1.372471e+02,5.994096e+01,-2.540420e+01,2.881246e-06,
6.119997e+00,-4.118446e-01,-6.688388e-01,6.189012e-01,-6.081156e+01,1.911797e+01,2.940777e-01,1.372208e+02,5.995480e+01,-2.540130e+01,2.883165e-06,
6.149997e+00,-4.117317e-01,-6.695672e-01,6.181883e-01,-6.079414e+01,1.909198e+01,2.941341e-01,1.372848e+02,5.995226e+01,-2.540082e+01,2.883489e-06,
6.179997e+00,-4.119643e-01,-6.695697e-01,6.180306e-01,-6.080131e+01,1.908623e+01,2.940179e-01,1.372922e+02,5.994406e+01,-2.540272e+01,2.882226e-06,
6.209997e+00,-4.118599e-01,-6.696470e-01,6.180164e-01,-6.079660e+01,1.908571e+01,2.940700e-01,1.372961e+02,5.996854e+01,-2.540288e+01,2.882122e-06,
6.239997e+00,-4.115237e-01,-6.691777e-01,6.187483e-01,-6.079512e+01,1.911239e+01,2.942381e-01,1.372423e+02,5.993486e+01,-2.540219e+01,2.882578e-06,
6.269997e+00,-4.119375e-01,-6.692493e-01,6.183954e-01,-6.080660e+01,1.909953e+01,2.940312e-01,1.372616e+02,5.996695e+01,-2.540169e+01,2.882907e-06,
6.299997e+00,-4.116689e-01,-6.693206e-01,6.184971e-01,-6.079690e+01,1.910323e+01,2.941656e-01,1.372600e+02,5.993954e+01,-2.540058e+01,2.883645e-06,
6.329997e+00,-4.121998e-01,-6.693475e-01,6.181143e-01,-6.081287e+01,1.908928e+01,2.939001e-01,1.372788e+02,5.995553e+01,-2.539982e+01,2.884150e-06,
6.359997e+00,-4.116979e-01,-6.699857e-01,6.177572e-01,-6.078510e+01,1.907627e+01,2.941511e-01,1.373225e+02,5.997644e+01,-2.540046e+01,2.883726e-06,
6.389997e+00,-4.114337e-01,-6.691074e-01,6.188842e-01,-6.079367e+01,1.911735e+01,2.942831e-01,1.372330e+02,5.993718e+01,-2.539991e+01,2.884094e-06,
6.419997e+00,-4.119298e-01,-6.693739e-01,6.182656e-01,-6.080398e+01,1.909480e+01,2.940351e-01,1.372730e+02,5.996476e+01,-2.540390e+01,2.881440e-06,
6.449997e+00,-4.117731e-01,-6.694195e-01,6.183207e-01,-6.079824e+01,1.909680e+01,2.941135e-01,1.372724e+02,5.995224e+01,-2.540357e+01,2.881659e-06,
6.479997e+00,-4.120890e-01,-6.693610e-01,6.181735e-01,-6.080917e+01,1.909144e+01,2.939555e-01,1.372767e+02,5.994683e+01,-2.540234e+01,2.882481e-06,
6.509997e+00,-4.117534e-01,-6.694566e-01,6.182936e-01,-6.079692e+01,1.909581e+01,2.941233e-01,1.372752e+02,5.997027e+01,-2.540126e+01,2.883192e-06,
6.539997e+00,-4.114691e-01,-6.691457e-01,6.188192e-01,-6.079403e+01,1.911498e+01,2.942654e-01,1.372377e+02,5.994181e+01,-2.539743e+01,2.885742e-06,
6.569996e+00,-4.118384e-01,-6.694070e-01,6.182907e-01,-6.080051e+01,1.909571e+01,2.940808e-01,1.372732e+02,5.997350e+01,-2.539627e+01,2.886511e-06,
6.599996e+00,-4.118338e-01,-6.697666e-01,6.179042e-01,-6.079350e+01,1.908162e+01,2.940831e-01,1.373064e+02,5.995472e+01,-2.540625e+01,2.879881e-06,
6.629996e+00,-4.118853e-01,-6.687592e-01,6.189601e-01,-6.081435e+01,1.912012e+01,2.940573e-01,1.372147e+02,5.992228e+01,-2.539862e+01,2.884950e-06,
6.659996e+00,-4.118428e-01,-6.699963e-01,6.176492e-01,-6.078940e+01,1.907233e+01,2.940786e-01,1.373280e+02,5.998668e+01,-2.539490e+01,2.887418e-06,
6.689996e+00,-4.113973e-01,-6.695182e-01,6.184640e-01,-6.078469e+01,1.910203e+01,2.943014e-01,1.372700e+02,5.994103e+01,-2.539955e+01,2.884328e-06,
6.719996e+00,-4.118396e-01,-6.692698e-01,6.184384e-01,-6.080317e+01,1.910110e+01,2.940802e-01,1.372605e+02,5.996755e+01,-2.540103e+01,2.883347e-06,
6.749996e+00,-4.114785e-01,-6.695321e-01,6.183949e-01,-6.078695e+01,1.909951e+01,2.942608e-01,1.372737e+02,5.993744e+01,-2.539970e+01,2.884228e-06,
6.779996e+00,-4.122086e-01,-6.695036e-01,6.179393e-01,-6.081015e+01,1.908290e+01,2.938957e-01,1.372936e+02,5.995794e+01,-2.540209e+01,2.882642e-06,
6.809996e+00,-4.117763e-01,-6.695890e-01,6.181350e-01,-6.079511e+01,1.909003e+01,2.941118e-01,1.372882e+02,5.996065e+01,-2.540075e+01,2.883534e-06,
6.839996e+00,-4.117147e-01,-6.691756e-01,6.186235e-01,-6.080109e+01,1.910784e+01,2.941427e-01,1.372480e+02,5.995502e+01,-2.540140e+01,2.883100e-06,
6.869996e+00,-4.120185e-01,-6.690247e-01,6.185845e-01,-6.081341e+01,1.910642e+01,2.939908e-01,1.372433e+02,5.996565e+01,-2.540146e+01,2.883065e-06,
6.899996e+00,-4.119518e-01,-6.695531e-01,6.180570e-01,-6.080124e+01,1.908719e+01,2.940241e-01,1.372902e+02,5.996560e+01,-2.540126e+01,2.883196e-06,
6.929996e+00,-4.122244e-01,-6.694462e-01,6.179909e-01,-6.081174e+01,1.908479e+01,2.938878e-01,1.372887e+02,5.996265e+01,-2.540305e+01,2.882008e-06,
6.959996e+00,-4.119933e-01,-6.695293e-01,6.180551e-01,-6.080298e+01,1.908712e+01,2.940034e-01,1.372893e+02,5.997598e+01,-2.540241e+01,2.882429e-06,
6.989996e+00,-4.114625e-01,-6.694035e-01,6.185447e-01,-6.078891e+01,1.910497e+01,2.942687e-01,1.372613e+02,5.994296e+01,-2.539974e+01,2.884202e-06,
7.019996e+00,-4.118749e-01,-6.691178e-01,6.185794e-01,-6.080717e+01,1.910623e+01,2.940625e-01,1.372475e+02,5.995163e+01,-2.540106e+01,2.883329e-06,
7.049996e+00,-4.118425e-01,-6.694760e-01,6.182133e-01,-6.079932e+01,1.909289e+01,2.940788e-01,1.372797e+02,5.996352e+01,-2.540308e+01,2.881987e-06,
7.079996e+00,-4.118515e-01,-6.694255e-01,6.182619e-01,-6.080056e+01,1.909466e+01,2.940742e-01,1.372753e+02,5.994162e+01,-2.540179e+01,2.882842e-06,
7.109996e+00,-4.120264e-01,-6.695030e-01,6.180615e-01,-6.080451e+01,1.908735e+01,2.939868e-01,1.372879e+02,5.997501e+01,-2.540080e+01,2.883497e-06,
7.139996e+00,-4.115173e-01,-6.694312e-01,6.184783e-01,-6.079008e+01,1.910255e+01,2.942414e-01,1.372656e+02,5.995904e+01,-2.539971e+01,2.884223e-06,
7.169996e+00,-4.117408e-01,-6.694592e-01,6.182992e-01,-6.079649e+01,1.909602e+01,2.941296e-01,1.372750e+02,5.996196e+01,-2.539965e+01,2.884264e-06,
7.199996e+00,-4.117347e-01,-6.694487e-01,6.183146e-01,-6.079649e+01,1.909658e+01,2.941327e-01,1.372739e+02,5.995305e+01,-2.540275e+01,2.882205e-06,
7.229996e+00,-4.119289e-01,-6.694184e-01,6.182180e-01,-6.080310e+01,1.909306e+01,2.940355e-01,1.372771e+02,5.993830e+01,-2.540481e+01,2.880840e-06,
7.259996e+00,-4.118727e-01,-6.693824e-01,6.182945e-01,-6.080205e+01,1.909585e+01,2.940636e-01,1.372720e+02,5.996402e+01,-2.540044e+01,2.883738e-06,
7.289996e+00,-4.115405e-01,-6.698609e-01,6.179974e-01,-6.078260e+01,1.908502e+01,2.942297e-01,1.373061e+02,5.997386e+01,-2.540094e+01,2.883407e-06,
7.319996e+00,-4.117772e-01,-6.690426e-01,6.187258e-01,-6.080557e+01,1.911157e+01,2.941114e-01,1.372376e+02,5.994437e+01,-2.540208e+01,2.882651e-06,
7.349996e+00,-4.117503e-01,-6.695309e-01,6.182152e-01,-6.079541e+01,1.909296e+01,2.941248e-01,1.372820e+02,5.996236e+01,-2.540037e+01,2.883784e-06,
7.379996e+00,-4.120277e-01,-6.694207e-01,6.181497e-01,-6.080613e+01,1.909057e+01,2.939861e-01,1.372803e+02,5.994815e+01,-2.540468e+01,2.880926e-06,
7.409996e+00,-4.118074e-01,-6.694038e-01,6.183149e-01,-6.079961e+01,1.909659e+01,2.940963e-01,1.372720e+02,5.995977e+01,-2.540060e+01,2.883632e-06,
7.439996e+00,-4.114269e-01,-6.696993e-01,6.182482e-01,-6.078215e+01,1.909416e+01,2.942866e-01,1.372876e+02,5.996596e+01,-2.539960e+01,2.884298e-06,
7.469996e+00,-4.117289e-01,-6.688889e-01,6.189241e-01,-6.080701e+01,1.911880e+01,2.941356e-01,1.372219e+02,5.994439e+01,-2.539996e+01,2.884060e-06,
7.499996e+00,-4.118958e-01,-6.698934e-01,6.177254e-01,-6.079301e+01,1.907511e+01,2.940521e-01,1.373201e+02,5.998589e+01,-2.540311e+01,2.881965e-06,
7.529996e+00,-4.115743e-01,-6.685906e-01,6.193490e-01,-6.080791e+01,1.913431e+01,2.942128e-01,1.371895e+02,5.990536e+01,-2.539843e+01,2.885077e-06,
7.559996e+00,-4.119944e-01,-6.701720e-01,6.173573e-01,-6.079075e+01,1.906170e+01,2.940028e-01,1.373490e+02,5.998819e+01,-2.540128e+01,2.883179e-06,
7.589996e+00,-4.116875e-01,-6.693333e-01,6.184709e-01,-6.079723e+01,1.910228e+01,2.941562e-01,1.372617e+02,5.995496e+01,-2.540356e+01,2.881668e-06,
7.619996e+00,-4.119724e-01,-6.688921e-01,6.187585e-01,-6.081451e+01,1.911277e+01,2.940138e-01,1.372296e+02,5.995524e+01,-2.540311e+01,2.881965e-06,
7.649996e+00,-4.116888e-01,-6.697558e-01,6.180125e-01,-6.078921e+01,1.908557e+01,2.941556e-01,1.373009e+02,5.996490e+01,-2.539938e+01,2.884443e-06,
7.679996e+00,-4.119302e-01,-6.694200e-01,6.182154e-01,-6.080311e+01,1.909297e+01,2.940349e-01,1.372772e+02,5.994151e+01,-2.540163e+01,2.882949e-06,
7.709996e+00,-4.119313e-01,-6.694115e-01,6.182240e-01,-6.080331e+01,1.909328e+01,2.940343e-01,1.372765e+02,5.996946e+01,-2.540185e+01,2.882806e-06,
7.739996e+00,-4.116304e-01,-6.692694e-01,6.185781e-01,-6.079668e+01,1.910619e+01,2.941848e-01,1.372541e+02,5.995063e+01,-2.539926e+01,2.884520e-06,
7.769996e+00,-4.116703e-01,-6.692425e-01,6.185807e-01,-6.079844e+01,1.910628e+01,2.941648e-01,1.372528e+02,5.995324e+01,-2.539851e+01,2.885021e-06,
7.799996e+00,-4.119461e-01,-6.695852e-01,6.180259e-01,-6.080045e+01,1.908606e+01,2.940270e-01,1.372930e+02,5.997852e+01,-2.540237e+01,2.882455e-06,
7.829996e+00,-4.117680e-01,-6.692904e-01,6.184639e-01,-6.080055e+01,1.910202e+01,2.941160e-01,1.372602e+02,5.993236e+01,-2.540022e+01,2.883882e-06,
7.859996e+00,-4.121911e-01,-6.699613e-01,6.174548e-01,-6.080087e+01,1.906525e+01,2.939045e-01,1.373355e+02,5.998226e+01,-2.540467e+01,2.880934e-06,
7.889996e+00,-4.114494e-01,-6.694501e-01,6.185031e-01,-6.078761e+01,1.910345e+01,2.942753e-01,1.372652e+02,5.995053e+01,-2.540139e+01,2.883109e-06,
7.919996e+00,-4.118659e-01,-6.694440e-01,6.182324e-01,-6.080066e+01,1.909358e+01,2.940670e-01,1.372775e+02,5.995589e+01,-2.540739e+01,2.879128e-06,
7.949996e+00,-4.118161e-01,-6.691882e-01,6.185423e-01,-6.080400e+01,1.910488e+01,2.940920e-01,1.372523e+02,5.997021e+01,-2.540164e+01,2.882940e-06,
7.979996e+00,-4.118037e-01,-6.694307e-01,6.182882e-01,-6.079898e+01,1.909562e+01,2.940982e-01,1.372743e+02,5.994514e+01,-2.540320e+01,2.881906e-06,
8.009996e+00,-4.121747e-01,-6.692410e-01,6.182464e-01,-6.081412e+01,1.909409e+01,2.939127e-01,1.372682e+02,5.996104e+01,-2.540412e+01,2.881294e-06,
8.039996e+00,-4.117903e-01,-6.694712e-01,6.182533e-01,-6.079779e+01,1.909435e+01,2.941049e-01,1.372777e+02,5.996226e+01,-2.540218e+01,2.882587e-06,
8.069996e+00,-4.113950e-01,-6.685698e-01,6.194906e-01,-6.080274e+01,1.913947e+01,2.943025e-01,1.371821e+02,5.992281e+01,-2.539543e+01,2.887067e-06,
8.099996e+00,-4.119486e-01,-6.694654e-01,6.181540e-01,-6.080282e+01,1.909073e+01,2.940257e-01,1.372820e+02,5.997182e+01,-2.539863e+01,2.884941e-06,
8.129996e+00,-4.119104e-01,-6.692926e-01,6.183667e-01,-6.080493e+01,1.909848e+01,2.940448e-01,1.372648e+02,5.993942e+01,-2.540062e+01,2.883621e-06,
8.159996e+00,-4.120927e-01,-6.698090e-01,6.176856e-01,-6.080073e+01,1.907366e+01,2.939537e-01,1.373183e+02,5.997382e+01,-2.539913e+01,2.884608e-06,
8.189996e+00,-4.116677e-01,-6.697580e-01,6.180242e-01,-6.078851e+01,1.908600e+01,2.941662e-01,1.373005e+02,5.996407e+01,-2.540304e+01,2.882012e-06,
8.219996e+00,-4.116762e-01,-6.695129e-01,6.182840e-01,-6.079345e+01,1.909547e+01,2.941619e-01,1.372780e+02,5.997293e+01,-2.540222e+01,2.882560e-06,
8.249996e+00,-4.119214e-01,-6.690069e-01,6.186684e-01,-6.081073e+01,1.910948e+01,2.940393e-01,1.372387e+02,5.996430e+01,-2.540595e+01,2.880083e-06,
8.279996e+00,-4.120218e-01,-6.693682e-01,6.182105e-01,-6.080695e+01,1.909278e+01,2.939891e-01,1.372753e+02,5.994203e+01,-2.540398e+01,2.881388e-06,
8.309996e+00,-4.121461e-01,-6.696605e-01,6.178110e-01,-6.080522e+01,1.907823e+01,2.939270e-01,1.373062e+02,5.997118e+01,-2.540498e+01,2.880729e-06,
8.339996e+00,-4.114432e-01,-6.694505e-01,6.185067e-01,-6.078741e+01,1.910358e+01,2.942784e-01,1.372651e+02,5.996468e+01,-2.539949e+01,2.884373e-06,
8.369996e+00,-4.114488e-01,-6.689453e-01,6.190493e-01,-6.079723e+01,1.912337e+01,2.942756e-01,1.372185e+02,5.993372e+01,-2.539905e+01,2.884662e-06,
8.399996e+00,-4.120533e-01,-6.696111e-01,6.179264e-01,-6.080328e+01,1.908243e+01,2.939733e-01,1.372987e+02,5.998004e+01,-2.540284e+01,2.882149e-06,
8.429995e+00,-4.117442e-01,-6.696975e-01,6.180388e-01,-6.079204e+01,1.908653e+01,2.941279e-01,1.372972e+02,5.995446e+01,-2.539969e+01,2.884239e-06,
8.459995e+00,-4.120034e-01,-6.687602e-01,6.188804e-01,-6.081800e+01,1.911721e+01,2.939983e-01,1.372184e+02,5.993745e+01,-2.539966e+01,2.884257e-06,
8.489995e+00,-4.119447e-01,-6.701439e-01,6.174210e-01,-6.078975e+01,1.906402e+01,2.940276e-01,1.373448e+02,5.998652e+01,-2.540085e+01,2.883469e-06,
8.519995e+00,-4.115434e-01,-6.692557e-01,6.186508e-01,-6.079424e+01,1.910884e+01,2.942283e-01,1.372501e+02,5.995280e+01,-2.540191e+01,2.882762e-06,
8.549995e+00,-4.119693e-01,-6.691694e-01,6.184607e-01,-6.080912e+01,1.910191e+01,2.940153e-01,1.372552e+02,5.996024e+01,-2.540357e+01,2.881661e-06,
8.579995e+00,-4.117791e-01,-6.693717e-01,6.183684e-01,-6.079934e+01,1.909854e+01,2.941105e-01,1.372681e+02,5.995311e+01,-2.540100e+01,2.883366e-06,
8.609995e+00,-4.118567e-01,-6.688505e-01,6.188805e-01,-6.081171e+01,1.911722e+01,2.940717e-01,1.372222e+02,5.992820e+01,-2.539719e+01,2.885897e-06,
8.639995e+00,-4.117973e-01,-6.698937e-01,6.177908e-01,-6.078994e+01,1.907749e+01,2.941014e-01,1.373171e+02,5.998481e+01,-2.539647e+01,2.886376e-06,
8.669995e+00,-4.116140e-01,-6.694773e-01,6.183640e-01,-6.079220e+01,1.909838e+01,2.941930e-01,1.372728e+02,5.995634e+01,-2.539670e+01,2.886225e-06,
8.699995e+00,-4.119450e-01,-6.694383e-01,6.181858e-01,-6.080322e+01,1.909188e+01,2.940275e-01,1.372794e+02,5.996288e+01,-2.540475e+01,2.880882e-06,
8.729995e+00,-4.118032e-01,-6.693173e-01,6.184112e-01,-6.080113e+01,1.910010e+01,2.940984e-01,1.372638e+02,5.994930e+01,-2.540172e+01,2.882889e-06,
8.759995e+00,-4.120680e-01,-6.695498e-01,6.179830e-01,-6.080491e+01,1.908450e+01,2.939660e-01,1.372935e+02,5.995285e+01,-2.539975e+01,2.884195e-06,
8.789995e+00,-4.119635e-01,-6.694905e-01,6.181169e-01,-6.080280e+01,1.908938e+01,2.940183e-01,1.372848e+02,5.997322e+01,-2.540362e+01,2.881625e-06,
8.819995e+00,-4.113546e-01,-6.689250e-01,6.191338e-01,-6.079469e+01,1.912646e+01,2.943227e-01,1.372137e+02,5.993106e+01,-2.539525e+01,2.887187e-06,
8.849995e+00,-4.120685e-01,-6.692554e-01,6.183015e-01,-6.081055e+01,1.909610e+01,2.939657e-01,1.372662e+02,5.996972e+01,-2.539789e+01,2.885434e-06,
8.879995e+00,-4.117769e-01,-6.694061e-01,6.183326e-01,-6.079862e+01,1.909724e+01,2.941115e-01,1.372712e+02,5.995039e+01,-2.539815e+01,2.885261e-06,
8.909995e+00,-4.119841e-01,-6.693358e-01,6.182707e-01,-6.080640e+01,1.909498e+01,2.940079e-01,1.372711e+02,5.994032e+01,-2.539701e+01,2.886014e-06,
8.939995e+00,-4.116672e-01,-6.695829e-01,6.182142e-01,-6.079184e+01,1.909292e+01,2.941664e-01,1.372843e+02,5.996788e+01,-2.539577e+01,2.886839e-06,
8.969995e+00,-4.116370e-01,-6.695875e-01,6.182294e-01,-6.079081e+01,1.909348e+01,2.941815e-01,1.372837e+02,5.996147e+01,-2.539730e+01,2.885826e-06,
8.999995e+00,-4.117604e-01,-6.690627e-01,6.187152e-01,-6.080467e+01,1.911119e+01,2.941198e-01,1.372389e+02,5.994551e+01,-2.539941e+01,2.884425e-06,
9.029995e+00,-4.118868e-01,-6.694299e-01,6.182337e-01,-6.080157e+01,1.909363e+01,2.940566e-01,1.372768e+02,5.995299e+01,-2.540028e+01,2.883847e-06,
9.059995e+00,-4.120413e-01,-6.696153e-01,6.179299e-01,-6.080283e+01,1.908256e+01,2.939794e-01,1.372988e+02,5.995011e+01,-2.540235e+01,2.882470e-06,
9.089995e+00,-4.118934e-01,-6.696692e-01,6.179700e-01,-6.079721e+01,1.908402e+01,2.940533e-01,1.372992e+02,5.997432e+01,-2.540284e+01,2.882147e-06,
9.119995e+00,-4.115113e-01,-6.693546e-01,6.185652e-01,-6.079136e+01,1.910572e+01,2.942444e-01,1.372583e+02,5.995576e+01,-2.540189e+01,2.882779e-06,
9.149995e+00,-4.118427e-01,-6.690441e-01,6.186804e-01,-6.080758e+01,1.910992e+01,2.940786e-01,1.372397e+02,5.995844e+01,-2.539998e+01,2.884047e-06,
9.179995e+00,-4.118419e-01,-6.695473e-01,6.181364e-01,-6.079794e+01,1.909009e+01,2.940791e-01,1.372863e+02,5.995856e+01,-2.540310e+01,2.881975e-06,
9.209995e+00,-4.119884e-01,-6.690245e-01,6.186047e-01,-6.081248e+01,1.910716e+01,2.940058e-01,1.372424e+02,5.992712e+01,-2.540024e+01,2.883875e-06,
9.239995e+00,-4.117294e-01,-6.698351e-01,6.178995e-01,-6.078896e+01,1.908145e+01,2.941353e-01,1.373095e+02,5.997457e+01,-2.540006e+01,2.883994e-06,
9.269995e+00,-4.112927e-01,-6.693073e-01,6.187617e-01,-6.078547e+01,1.911288e+01,2.943536e-01,1.372472e+02,5.993582e+01,-2.539856e+01,2.884991e-06,
9.299995e+00,-4.117611e-01,-6.695003e-01,6.182412e-01,-6.079633e+01,1.909390e+01,2.941195e-01,1.372795e+02,5.996728e+01,-2.540088e+01,2.883449e-06,
9.329995e+00,-4.118609e-01,-6.692709e-01,6.184231e-01,-6.080381e+01,1.910053e+01,2.940695e-01,1.372613e+02,5.995808e+01,-2.540481e+01,2.880841e-06,
9.359995e+00,-4.121590e-01,-6.692630e-01,6.182330e-01,-6.081321e+01,1.909361e+01,2.939205e-01,1.372697e+02,5.994100e+01,-2.540466e+01,2.880938e-06,
9.389995e+00,-4.116684e-01,-6.694507e-01,6.183567e-01,-6.079440e+01,1.909811e+01,2.941658e-01,1.372720e+02,5.996145e+01,-2.539928e+01,2.884510e-06,
9.419995e+00,-4.113275e-01,-6.692781e-01,6.187701e-01,-6.078711e+01,1.911319e+01,2.943362e-01,1.372456e+02,5.994202e+01,-2.539744e+01,2.885731e-06,
9.449995e+00,-4.116853e-01,-6.691918e-01,6.186256e-01,-6.079987e+01,1.910792e+01,2.941573e-01,1.372486e+02,5.995031e+01,-2.539613e+01,2.886605e-06,
9.479995e+00,-4.117939e-01,-6.696958e-01,6.180075e-01,-6.079362e+01,1.908539e+01,2.941030e-01,1.372986e+02,5.996672e+01,-2.539922e+01,2.884551e-06,
9.509995e+00,-4.120360e-01,-6.687717e-01,6.188462e-01,-6.081879e+01,1.911596e+01,2.939820e-01,1.372204e+02,5.992292e+01,-2.539765e+01,2.885595e-06,
9.539995e+00,-4.120556e-01,-6.703612e-01,6.171111e-01,-6.078904e+01,1.905274e+01,2.939722e-01,1.373684e+02,5.998600e+01,-2.540012e+01,2.883953e-06,
9.569995e+00,-4.114291e-01,-6.690251e-01,6.189761e-01,-6.079509e+01,1.912070e+01,2.942855e-01,1.372253e+02,5.993303e+01,-2.539972e+01,2.884217e-06,
9.599995e+00,-4.120328e-01,-6.693103e-01,6.182659e-01,-6.080839e+01,1.909480e+01,2.939836e-01,1.372702e+02,5.996620e+01,-2.539924e+01,2.884535e-06,
9.629995e+00,-4.117752e-01,-6.695056e-01,6.182261e-01,-6.079667e+01,1.909336e+01,2.941124e-01,1.372804e+02,5.996899e+01,-2.540118e+01,2.883246e-06,
9.659995e+00,-4.119775e-01,-6.691557e-01,6.184700e-01,-6.080963e+01,1.910225e+01,2.940112e-01,1.372542e+02,5.992940e+01,-2.540207e+01,2.882658e-06,
9.689995e+00,-4.120194e-01,-6.695072e-01,6.180616e-01,-6.080421e+01,1.908736e+01,2.939903e-01,1.372881e+02,5.996621e+01,-2.540049e+01,2.883705e-06,
9.719995e+00,-4.115730e-01,-6.698331e-01,6.180059e-01,-6.078414e+01,1.908533e+01,2.942135e-01,1.373045e+02,5.996687e+01,-2.540315e+01,2.881944e-06,
9.749995e+00,-4.116571e-01,-6.691197e-01,6.187222e-01,-6.080037e+01,1.911144e+01,2.941714e-01,1.372410e+02,5.995035e+01,-2.540194e+01,2.882744e-06,
9.779995e+00,-4.117253e-01,-6.685694e-01,6.192715e-01,-6.081301e+01,1.913148e+01,2.941373e-01,1.371922e+02,5.994548e+01,-2.539705e+01,2.885989e-06,
9.809995e+00,-4.118616e-01,-6.698023e-01,6.178470e-01,-6.079369e+01,1.907954e+01,2.940692e-01,1.373106e+02,5.995627e+01,-2.539578e+01,2.886838e-06,
9.839995e+00,-4.120828e-01,-6.697925e-01,6.177100e-01,-6.080074e+01,1.907455e+01,2.939586e-01,1.373165e+02,5.997991e+01,-2.539850e+01,2.885026e-06,
9.869995e+00,-4.115381e-01,-6.700410e-01,6.178038e-01,-6.077909e+01,1.907796e+01,2.942309e-01,1.373227e+02,5.998122e+01,-2.540174e+01,2.882875e-06,
9.899995e+00,-4.115399e-01,-6.690426e-01,6.188836e-01,-6.079820e+01,1.911733e+01,2.942301e-01,1.372303e+02,5.993336e+01,-2.540573e+01,2.880231e-06,
9.929995e+00,-4.116219e-01,-6.691537e-01,6.187089e-01,-6.079863e+01,1.911096e+01,2.941891e-01,1.372431e+02,5.994476e+01,-2.540142e+01,2.883091e-06,
9.959995e+00,-4.118231e-01,-6.696368e-01,6.180520e-01,-6.079565e+01,1.908701e+01,2.940885e-01,1.372940e+02,5.994587e+01,-2.540072e+01,2.883556e-06,
9.989995e+00,-4.120980e-01,-6.696211e-01,6.178858e-01,-6.080448e+01,1.908095e+01,2.939510e-01,1.373011e+02,5.998101e+01,-2.540364e+01,2.881618e-06,
1.001999e+01,-4.113324e-01,-6.692107e-01,6.188398e-01,-6.078854e+01,1.911573e+01,2.943338e-01,1.372395e+02,5.995265e+01,-2.539766e+01,2.885585e-06,
1.004999e+01,-4.121176e-01,-6.698736e-01,6.175989e-01,-6.080027e+01,1.907050e+01,2.939412e-01,1.373251e+02,5.999250e+01,-2.540479e+01,2.880852e-06,
1.007999e+01,-4.117387e-01,-6.692540e-01,6.185226e-01,-6.080034e+01,1.910416e+01,2.941306e-01,1.372560e+02,5.996008e+01,-2.540554e+01,2.880354e-06,
1.010999e+01,-4.117625e-01,-6.686197e-01,6.191925e-01,-6.081320e+01,1.912860e+01,2.941188e-01,1.371980e+02,5.991336e+01,-2.539898e+01,2.884710e-06,
1.013999e+01,-4.122625e-01,-6.702241e-01,6.171217e-01,-6.079807e+01,1.905313e+01,2.938688e-01,1.373621e+02,5.998057e+01,-2.539934e+01,2.884469e-06,
1.016999e+01,-4.116592e-01,-6.690737e-01,6.187707e-01,-6.080132e+01,1.911321e+01,2.941704e-01,1.372368e+02,5.995446e+01,-2.540329e+01,2.881849e-06,
1.019999e+01,-4.117179e-01,-6.688088e-01,6.190179e-01,-6.080820e+01,1.912223e+01,2.941411e-01,1.372141e+02,5.993674e+01,-2.539733e+01,2.885803e-06,
1.022999e+01,-4.121122e-01,-6.700126e-01,6.174517e-01,-6.079745e+01,1.906514e+01,2.939439e-01,1.373378e+02,6.000560e+01,-2.540073e+01,2.883545e-06,
1.025999e+01,-4.116756e-01,-6.695939e-01,6.181967e-01,-6.079189e+01,1.909229e+01,2.941622e-01,1.372855e+02,5.994411e+01,-2.540535e+01,2.880478e-06,
1.028999e+01,-4.122059e-01,-6.686062e-01,6.189120e-01,-6.082723e+01,1.911836e+01,2.938970e-01,1.372103e+02,5.993225e+01,-2.540828e+01,2.878535e-06,
1.031999e+01,-4.115797e-01,-6.691831e-01,6.187052e-01,-6.079675e+01,1.911082e+01,2.942102e-01,1.372445e+02,5.994915e+01,-2.539845e+01,2.885063e-06,
1.034999e+01,-4.116967e-01,-6.691739e-01,6.186374e-01,-6.080056e+01,1.910835e+01,2.941517e-01,1.372473e+02,5.994193e+01,-2.539714e+01,2.885929e-06,
1.037999e+01,-4.118453e-01,-6.693101e-01,6.183910e-01,-6.080257e+01,1.909937e+01,2.940774e-01,1.372644e+02,5.996773e+01,-2.539974e+01,2.884205e-06,
1.040999e+01,-4.118519e-01,-6.694583e-01,6.182262e-01,-6.079995e+01,1.909336e+01,2.940741e-01,1.372784e+02,5.995241e+01,-2.540021e+01,2.883890e-06,
1.043999e+01,-4.120262e-01,-6.693214e-01,6.182583e-01,-6.080798e+01,1.909453e+01,2.939869e-01,1.372711e+02,5.995248e+01,-2.539992e+01,2.884088e-06,
1.046999e+01,-4.114156e-01,-6.698239e-01,6.181207e-01,-6.077943e+01,1.908951e+01,2.942922e-01,1.372988e+02,5.996366e+01,-2.540002e+01,2.884019e-06,
1.049999e+01,-4.114215e-01,-6.695395e-01,6.184248e-01,-6.078503e+01,1.910060e+01,2.942893e-01,1.372727e+02,5.995149e+01,-2.540069e+01,2.883571e-06,
1.052999e+01,-4.118388e-01,-6.689272e-01,6.188095e-01,-6.080969e+01,1.911462e+01,2.940806e-01,1.372288e+02,5.995007e+01,-2.540045e+01,2.883731e-06,
1.055999e+01,-4.117909e-01,-6.694521e-01,6.182735e-01,-6.079818e+01,1.909508e+01,2.941045e-01,1.372759e+02,5.993618e+01,-2.539794e+01,2.885399e-06,
1.058999e+01,-4.119953e-01,-6.700570e-01,6.174816e-01,-6.079297e+01,1.906623e+01,2.940024e-01,1.373383e+02,5.996387e+01,-2.540396e+01,2.881404e-06,
1.061999e+01,-4.113994e-01,-6.692696e-01,6.187315e-01,-6.078950e+01,1.911178e+01,2.943003e-01,1.372470e+02,5.994580e+01,-2.540127e+01,2.883186e-06,
1.064999e+01,-4.117246e-01,-6.692296e-01,6.185585e-01,-6.080037e+01,1.910547e+01,2.941377e-01,1.372533e+02,5.994893e+01,-2.539955e+01,2.884332e-06,
1.067999e+01,-4.115615e-01,-6.690560e-01,6.188547e-01,-6.079862e+01,1.911627e+01,2.942192e-01,1.372322e+02,5.994676e+01,-2.539804e+01,2.885333e-06,
1.070999e+01,-4.117998e-01,-6.693688e-01,6.183578e-01,-6.080004e+01,1.909815e+01,2.941001e-01,1.372685e+02,5.993729e+01,-2.539804e+01,2.885331e-06,
1.073999e+01,-4.120770e-01,-6.692470e-01,6.183050e-01,-6.081097e+01,1.909623e+01,2.939615e-01,1.372657e+02,5.995435e+01,-2.539432e+01,2.887808e-06,
1.076999e+01,-4.117006e-01,-6.699170e-01,6.178299e-01,-6.078650e+01,1.907892e+01,2.941497e-01,1.373162e+02,5.997163e+01,-2.539676e+01,2.886182e-06,
1.079999e+01,-4.117869e-01,-6.688776e-01,6.188976e-01,-6.080903e+01,1.911784e+01,2.941066e-01,1.372226e+02,5.994543e+01,-2.539803e+01,2.885338e-06,
1.082999e+01,-4.118263e-01,-6.697125e-01,6.179678e-01,-6.079430e+01,1.908394e+01,2.940868e-01,1.373012e+02,5.997302e+01,-2.539898e+01,2.884711e-06,
1.085999e+01,-4.118936e-01,-6.691895e-01,6.184893e-01,-6.080638e+01,1.910295e+01,2.940532e-01,1.372548e+02,5.994677e+01,-2.540136e+01,2.883131e-06,
1.088999e+01,-4.122410e-01,-6.693966e-01,6.180336e-01,-6.081321e+01,1.908634e+01,2.938795e-01,1.372846e+02,5.995983e+01,-2.540123e+01,2.883213e-06,
1.091999e+01,-4.114961e-01,-6.697230e-01,6.181763e-01,-6.078385e+01,1.909154e+01,2.942519e-01,1.372920e+02,5.996085e+01,-2.539877e+01,2.884848e-06,
1.094999e+01,-4.116934e-01,-6.693817e-01,6.184146e-01,-6.079649e+01,1.910023e+01,2.941533e-01,1.372664e+02,5.995084e+01,-2.540395e+01,2.881412e-06,
1.097999e+01,-4.119508e-01,-6.685975e-01,6.190913e-01,-6.081948e+01,1.912490e+01,2.940246e-01,1.372017e+02,5.994814e+01,-2.540324e+01,2.881877e-06,
1.100999e+01,-4.116836e-01,-6.690796e-01,6.187480e-01,-6.080196e+01,1.911238e+01,2.941582e-01,1.372381e+02,5.993607e+01,-2.539670e+01,2.886226e-06,
1.103999e+01,-4.120242e-01,-6.692227e-01,6.183664e-01,-6.080980e+01,1.909847e+01,2.939879e-01,1.372619e+02,5.995049e+01,-2.539520e+01,2.887220e-06,
1.106999e+01,-4.117659e-01,-6.696924e-01,6.180299e-01,-6.079281e+01,1.908620e+01,2.941170e-01,1.372974e+02,5.997804e+01,-2.539304e+01,2.888659e-06,
1.109999e+01,-4.115463e-01,-6.694141e-01,6.184775e-01,-6.079131e+01,1.910252e+01,2.942268e-01,1.372649e+02,5.995096e+01,-2.539417e+01,2.887906e-06,
1.112999e+01,-4.117693e-01,-6.695370e-01,6.181960e-01,-6.079588e+01,1.909226e+01,2.941154e-01,1.372831e+02,5.997316e+01,-2.539630e+01,2.886487e-06,
1.115999e+01,-4.118368e-01,-6.692946e-01,6.184134e-01,-6.080261e+01,1.910018e+01,2.940816e-01,1.372628e+02,5.994185e+01,-2.540161e+01,2.882962e-06,
1.118999e+01,-4.121524e-01,-6.697250e-01,6.177369e-01,-6.080418e+01,1.907553e+01,2.939238e-01,1.373124e+02,5.996099e+01,-2.540050e+01,2.883699e-06,
1.121999e+01,-4.115797e-01,-6.696933e-01,6.181529e-01,-6.078701e+01,1.909069e+01,2.942101e-01,1.372918e+02,5.997767e+01,-2.540105e+01,2.883335e-06,
1.124999e+01,-4.114302e-01,-6.691418e-01,6.188493e-01,-6.079290e+01,1.911608e+01,2.942849e-01,1.372361e+02,5.993552e+01,-2.539947e+01,2.884385e-06,
1.127999e+01,-4.117363e-01,-6.692413e-01,6.185380e-01,-6.080051e+01,1.910472e+01,2.941318e-01,1.372547e+02,5.994838e+01,-2.539966e+01,2.884256e-06,
1.130999e+01,-4.115651e-01,-6.695609e-01,6.183061e-01,-6.078909e+01,1.909627e+01,2.942175e-01,1.372791e+02,5.994717e+01,-2.539880e+01,2.884830e-06,
1.133999e+01,-4.122781e-01,-6.696011e-01,6.177873e-01,-6.081045e+01,1.907736e+01,2.938610e-01,1.373048e+02,5.997053e+01,-2.540352e+01,2.881692e-06,
1.136999e+01,-4.116740e-01,-6.690902e-01,6.187429e-01,-6.080146e+01,1.911220e+01,2.941630e-01,1.372388e+02,5.996173e+01,-2.539938e+01,2.884441e-06,
1.139999e+01,-4.114845e-01,-6.691113e-01,6.188462e-01,-6.079517e+01,1.911596e+01,2.942577e-01,1.372349e+02,5.994095e+01,-2.539548e+01,2.887036e-06,
1.142999e+01,-4.117615e-01,-6.691221e-01,6.186502e-01,-6.080357e+01,1.910881e+01,2.941192e-01,1.372445e+02,5.994971e+01,-2.539729e+01,2.885834e-06,
1.145999e+01,-4.117625e-01,-6.697817e-01,6.179354e-01,-6.079100e+01,1.908276e+01,2.941188e-01,1.373056e+02,5.996666e+01,-2.539895e+01,2.884732e-06,
1.148999e+01,-4.121559e-01,-6.690380e-01,6.184785e-01,-6.081742e+01,1.910256e+01,2.939221e-01,1.372488e+02,5.994108e+01,-2.540196e+01,2.882731e-06,
1.151999e+01,-4.119332e-01,-6.698613e-01,6.177352e-01,-6.079478e+01,1.907547e+01,2.940334e-01,1.373183e+02,5.998355e+01,-2.540239e+01,2.882445e-06,
1.154999e+01,-4.115206e-01,-6.691590e-01,6.187706e-01,-6.079538e+01,1.911320e+01,2.942397e-01,1.372405e+02,5.994203e+01,-2.539979e+01,2.884173e-06,
1.157999e+01,-4.119453e-01,-6.689588e-01,6.187044e-01,-6.081240e+01,1.911079e+01,2.940273e-01,1.372350e+02,5.995681e+01,-2.539958e+01,2.884312e-06,
1.160999e+01,-4.116192e-01,-6.693489e-01,6.184995e-01,-6.079482e+01,1.910332e+01,2.941904e-01,1.372611e+02,5.995218e+01,-2.539812e+01,2.885279e-06,
1.163999e+01,-4.119202e-01,-6.694400e-01,6.182005e-01,-6.080242e+01,1.909242e+01,2.940399e-01,1.372788e+02,5.994147e+01,-2.539850e+01,2.885029e-06,
1.166999e+01,-4.120303e-01,-6.697602e-01,6.177801e-01,-6.079972e+01,1.907710e+01,2.939848e-01,1.373119e+02,5.998082e+01,-2.539943e+01,2.884410e-06,
1.169999e+01,-4.113509e-01,-6.696899e-01,6.183088e-01,-6.077997e+01,1.909637e+01,2.943245e-01,1.372844e+02,5.995169e+01,-2.540177e+01,2.882856e-06,
1.172999e+01,-4.117017e-01,-6.690665e-01,6.187501e-01,-6.080277e+01,1.911246e+01,2.941491e-01,1.372375e+02,5.994818e+01,-2.540210e+01,2.882636e-06,
1.175999e+01,-4.116618e-01,-6.694433e-01,6.183690e-01,-6.079433e+01,1.909856e+01,2.941691e-01,1.372711e+02,5.995826e+01,-2.540176e+01,2.882864e-06,
1.178999e+01,-4.118503e-01,-6.695649e-01,6.181118e-01,-6.079787e+01,1.908919e+01,2.940748e-01,1.372882e+02,5.993968e+01,-2.540219e+01,2.882580e-06,
1.181999e+01,-4.117284e-01,-6.696728e-01,6.180761e-01,-6.079202e+01,1.908789e+01,2.941358e-01,1.372945e+02,5.996455e+01,-2.540331e+01,2.881836e-06,
1.184999e+01,-4.113515e-01,-6.694019e-01,6.186202e-01,-6.078549e+01,1.910772e+01,2.943242e-01,1.372578e+02,5.993956e+01,-2.540152e+01,2.883024e-06,
1.187999e+01,-4.118275e-01,-6.690062e-01,6.187316e-01,-6.080783e+01,1.911178e+01,2.940863e-01,1.372358e+02,5.994881e+01,-2.540248e+01,2.882385e-06,
1.190999e+01,-4.116645e-01,-6.693039e-01,6.185181e-01,-6.079708e+01,1.910400e+01,2.941677e-01,1.372583e+02,5.994856e+01,-2.539971e+01,2.884221e-06,
1.193999e+01,-4.117355e-01,-6.695913e-01,6.181597e-01,-6.079380e+01,1.909093e+01,2.941323e-01,1.372871e+02,5.993883e+01,-2.539979e+01,2.884174e-06,
1.196999e+01,-4.116482e-01,-6.696602e-01,6.181431e-01,-6.078977e+01,1.909033e+01,2.941759e-01,1.372908e+02,5.996650e+01,-2.539894e+01,2.884736e-06,
1.199999e+01,-4.113642e-01,-6.692596e-01,6.187658e-01,-6.078860e+01,1.911303e+01,2.943179e-01,1.372450e+02,5.994662e+01,-2.539816e+01,2.885254e-06,
1.202999e+01,-4.120845e-01,-6.691155e-01,6.184423e-01,-6.081372e+01,1.910124e+01,2.939578e-01,1.372538e+02,5.996030e+01,-2.539995e+01,2.884066e-06,
1.205999e+01,-4.119169e-01,-6.692883e-01,6.183669e-01,-6.080522e+01,1.909849e+01,2.940415e-01,1.372646e+02,5.996707e+01,-2.540201e+01,2.882699e-06,
1.208999e+01,-4.119998e-01,-6.693133e-01,6.182846e-01,-6.080731e+01,1.909549e+01,2.940001e-01,1.372695e+02,5.993458e+01,-2.539993e+01,2.884075e-06,
1.211999e+01,-4.120473e-01,-6.696158e-01,6.179254e-01,-6.080301e+01,1.908240e+01,2.939763e-01,1.372990e+02,5.996716e+01,-2.540196e+01,2.882727e-06,
1.214999e+01,-4.114671e-01,-6.695136e-01,6.184225e-01,-6.078695e+01,1.910052e+01,2.942665e-01,1.372717e+02,5.995819e+01,-2.540180e+01,2.882837e-06,
1.217999e+01,-4.116110e-01,-6.690275e-01,6.188526e-01,-6.080070e+01,1.911620e+01,2.941945e-01,1.372311e+02,5.993939e+01,-2.540181e+01,2.882829e-06,
1.220999e+01,-4.119258e-01,-6.693346e-01,6.183108e-01,-6.080461e+01,1.909644e+01,2.940371e-01,1.372692e+02,5.996612e+01,-2.540289e+01,2.882114e-06,
1.223999e+01,-4.117914e-01,-6.696257e-01,6.180852e-01,-6.079488e+01,1.908822e+01,2.941043e-01,1.372920e+02,5.994756e+01,-2.540366e+01,2.881600e-06,
1.226999e+01,-4.122345e-01,-6.691827e-01,6.182695e-01,-6.081709e+01,1.909494e+01,2.938827e-01,1.372646e+02,5.997032e+01,-2.540255e+01,2.882336e-06,
1.229999e+01,-4.114454e-01,-6.694014e-01,6.185584e-01,-6.078841e+01,1.910547e+01,2.942773e-01,1.372606e+02,5.995455e+01,-2.539858e+01,2.884977e-06,
1.232999e+01,-4.116478e-01,-6.692636e-01,6.185728e-01,-6.079733e+01,1.910600e+01,2.941761e-01,1.372541e+02,5.994878e+01,-2.540022e+01,2.883886e-06,
1.235999e+01,-4.118386e-01,-6.693928e-01,6.183060e-01,-6.080079e+01,1.909627e+01,2.940807e-01,1.372719e+02,5.997008e+01,-2.540164e+01,2.882946e-06,
1.238999e+01,-4.117963e-01,-6.694607e-01,6.182606e-01,-6.079818e+01,1.909461e+01,2.941018e-01,1.372769e+02,5.992942e+01,-2.540110e+01,2.883299e-06,
1.241999e+01,-4.120460e-01,-6.695920e-01,6.179520e-01,-6.080342e+01,1.908336e+01,2.939770e-01,1.372968e+02,5.997276e+01,-2.540273e+01,2.882222e-06,
1.244999e+01,-4.114692e-01,-6.693609e-01,6.185863e-01,-6.078992e+01,1.910649e+01,2.942654e-01,1.372576e+02,5.995091e+01,-2.540204e+01,2.882675e-06,
1.247999e+01,-4.114518e-01,-6.690351e-01,6.189503e-01,-6.079561e+01,1.911976e+01,2.942741e-01,1.372269e+02,5.993924e+01,-2.539718e+01,2.885903e-06,
1.250999e+01,-4.118217e-01,-6.697005e-01,6.179839e-01,-6.079439e+01,1.908453e+01,2.940892e-01,1.372999e+02,5.997355e+01,-2.540045e+01,2.883733e-06,
1.253999e+01,-4.119343e-01,-6.693999e-01,6.182346e-01,-6.080362e+01,1.909366e+01,2.940329e-01,1.372755e+02,5.994585e+01,-2.540240e+01,2.882441e-06,
1.256999e+01,-4.121271e-01,-6.696907e-01,6.177909e-01,-6.080405e+01,1.907750e+01,2.939364e-01,1.373084e+02,5.997820e+01,-2.540323e+01,2.881887e-06,
1.259999e+01,-4.115766e-01,-6.693389e-01,6.185388e-01,-6.079368e+01,1.910475e+01,2.942117e-01,1.372588e+02,5.995937e+01,-2.540238e+01,2.882454e-06,
1.262999e+01,-4.116536e-01,-6.693043e-01,6.185249e-01,-6.079673e+01,1.910425e+01,2.941732e-01,1.372580e+02,5.995538e+01,-2.540304e+01,2.882011e-06,
1.265999e+01,-4.117230e-01,-6.691977e-01,6.185941e-01,-6.080093e+01,1.910677e+01,2.941385e-01,1.372503e+02,5.995176e+01,-2.540316e+01,2.881936e-06,
1.268999e+01,-4.119671e-01,-6.692459e-01,6.183794e-01,-6.080758e+01,1.909894e+01,2.940165e-01,1.372622e+02,5.993863e+01,-2.540211e+01,2.882628e-06,
1.271999e+01,-4.120754e-01,-6.692070e-01,6.183493e-01,-6.081169e+01,1.909785e+01,2.939623e-01,1.372620e+02,5.995351e+01,-2.540109e+01,2.883305e-06,
1.274999e+01,-4.115135e-01,-6.695616e-01,6.183395e-01,-6.078747e+01,1.909749e+01,2.942432e-01,1.372776e+02,5.996001e+01,-2.539883e+01,2.884811e-06,
1.277999e+01,-4.114909e-01,-6.692371e-01,6.187058e-01,-6.079296e+01,1.911084e+01,2.942545e-01,1.372468e+02,5.993481e+01,-2.539977e+01,2.884181e-06,
1.280999e+01,-4.117701e-01,-6.695853e-01,6.181431e-01,-6.079499e+01,1.909033e+01,2.941149e-01,1.372876e+02,5.998050e+01,-2.540165e+01,2.882934e-06,
1.283999e+01,-4.117681e-01,-6.693196e-01,6.184322e-01,-6.080000e+01,1.910087e+01,2.941159e-01,1.372629e+02,5.993299e+01,-2.540285e+01,2.882136e-06,
1.286999e+01,-4.120709e-01,-6.696822e-01,6.178377e-01,-6.080247e+01,1.907920e+01,2.939646e-01,1.373059e+02,5.997267e+01,-2.540271e+01,2.882232e-06,
1.289999e+01,-4.114840e-01,-6.692125e-01,6.187370e-01,-6.079322e+01,1.911198e+01,2.942580e-01,1.372443e+02,5.994424e+01,-2.540040e+01,2.883764e-06,
1.292999e+01,-4.116828e-01,-6.690433e-01,6.187879e-01,-6.080263e+01,1.911384e+01,2.941586e-01,1.372347e+02,5.994668e+01,-2.540153e+01,2.883019e-06,
1.295999e+01,-4.118673e-01,-6.691177e-01,6.185845e-01,-6.080693e+01,1.910642e+01,2.940664e-01,1.372473e+02,5.995811e+01,-2.539965e+01,2.884267e-06,
1.298999e+01,-4.117067e-01,-6.694495e-01,6.183324e-01,-6.079561e+01,1.909723e+01,2.941467e-01,1.372731e+02,5.993466e+01,-2.539894e+01,2.884736e-06,
1.301999e+01,-4.119975e-01,-6.697815e-01,6.177789e-01,-6.079830e+01,1.907706e+01,2.940013e-01,1.373128e+02,5.997132e+01,-2.540123e+01,2.883215e-06,
1.304999e+01,-4.114155e-01,-6.696821e-01,6.182744e-01,-6.078213e+01,1.909512e+01,2.942923e-01,1.372857e+02,5.996297e+01,-2.540226e+01,2.882530e-06,
1.307999e+01,-4.115553e-01,-6.689576e-01,6.189653e-01,-6.080030e+01,1.912031e+01,2.942224e-01,1.372229e+02,5.993585e+01,-2.540115e+01,2.883269e-06,
1.310999e+01,-4.118901e-01,-6.690868e-01,6.186028e-01,-6.080824e+01,1.910709e+01,2.940549e-01,1.372451e+02,5.995378e+01,-2.539987e+01,2.884118e-06,
1.313999e+01,-4.118311e-01,-6.696487e-01,6.180338e-01,-6.079567e+01,1.908635e+01,2.940844e-01,1.372954e+02,5.995100e+01,-2.539909e+01,2.884635e-06,
1.316999e+01,-4.120478e-01,-6.692018e-01,6.183733e-01,-6.081093e+01,1.909872e+01,2.939761e-01,1.372606e+02,5.994483e+01,-2.540112e+01,2.883288e-06,
1.319999e+01,-4.114489e-01,-6.697137e-01,6.182178e-01,-6.078256e+01,1.909305e+01,2.942755e-01,1.372897e+02,5.995345e+01,-2.539901e+01,2.884686e-06,
1.322999e+01,-4.114909e-01,-6.694564e-01,6.184686e-01,-6.078878e+01,1.910219e+01,2.942546e-01,1.372671e+02,5.995119e+01,-2.540279e+01,2.882179e-06,
1.325999e+01,-4.118334e-01,-6.690518e-01,6.186783e-01,-6.080714e+01,1.910984e+01,2.940833e-01,1.372402e+02,5.996334e+01,-2.540376e+01,2.881537e-06,
1.328999e+01,-4.117828e-01,-6.691060e-01,6.186535e-01,-6.080453e+01,1.910893e+01,2.941086e-01,1.372436e+02,5.993251e+01,-2.540162e+01,2.882957e-06,
1.331999e+01,-4.121212e-01,-6.695995e-01,6.178937e-01,-6.080561e+01,1.908124e+01,2.939394e-01,1.372998e+02,5.996523e+01,-2.540003e+01,2.884011e-06,
1.334999e+01,-4.117404e-01,-6.695795e-01,6.181692e-01,-6.079417e+01,1.909128e+01,2.941298e-01,1.372862e+02,5.996878e+01,-2.540187e+01,2.882789e-06,
1.337999e+01,-4.112889e-01,-6.691031e-01,6.189850e-01,-6.078925e+01,1.912103e+01,2.943555e-01,1.372282e+02,5.992493e+01,-2.540200e+01,2.882703e-06,
1.340999e+01,-4.118649e-01,-6.692552e-01,6.184373e-01,-6.080423e+01,1.910106e+01,2.940675e-01,1.372600e+02,5.996540e+01,-2.540292e+01,2.882095e-06,
1.343999e+01,-4.119512e-01,-6.699794e-01,6.175952e-01,-6.079309e+01,1.907037e+01,2.940244e-01,1.373298e+02,5.996450e+01,-2.540618e+01,2.879930e-06,
1.346999e+01,-4.121114e-01,-6.691759e-01,6.183590e-01,-6.081340e+01,1.909820e+01,2.939443e-01,1.372602e+02,5.994191e+01,-2.540507e+01,2.880670e-06,
1.349999e+01,-4.112221e-01,-6.687694e-01,6.193899e-01,-6.079355e+01,1.913580e+01,2.943889e-01,1.371953e+02,5.993555e+01,-2.539766e+01,2.885586e-06,
1.352999e+01,-4.113300e-01,-6.688257e-01,6.192575e-01,-6.079583e+01,1.913097e+01,2.943350e-01,1.372038e+02,5.992090e+01,-2.539279e+01,2.888822e-06,
1.355999e+01,-4.119446e-01,-6.698819e-01,6.177053e-01,-6.079474e+01,1.907438e+01,2.940277e-01,1.373205e+02,5.997609e+01,-2.539694e+01,2.886065e-06,
1.358999e+01,-4.115627e-01,-6.700647e-01,6.177617e-01,-6.077940e+01,1.907643e+01,2.942186e-01,1.373257e+02,5.995067e+01,-2.540222e+01,2.882556e-06,
1.361999e+01,-4.120815e-01,-6.690256e-01,6.185416e-01,-6.081535e+01,1.910485e+01,2.939593e-01,1.372454e+02,5.994353e+01,-2.540222e+01,2.882557e-06,
1.364999e+01,-4.113773e-01,-6.694731e-01,6.185260e-01,-6.078493e+01,1.910429e+01,2.943113e-01,1.372652e+02,5.994262e+01,-2.539703e+01,2.886002e-06,
1.367999e+01,-4.114119e-01,-6.693897e-01,6.185933e-01,-6.078760e+01,1.910674e+01,2.942940e-01,1.372585e+02,5.995184e+01,-2.540020e+01,2.883898e-06,
1.370999e+01,-4.117093e-01,-6.694690e-01,6.183096e-01,-6.079532e+01,1.909640e+01,2.941454e-01,1.372750e+02,5.995419e+01,-2.540049e+01,2.883708e-06,
1.373999e+01,-4.115940e-01,-6.698744e-01,6.179471e-01,-6.078400e+01,1.908319e+01,2.942030e-01,1.373090e+02,5.994512e+01,-2.540335e+01,2.881806e-06,
1.376999e+01,-4.119796e-01,-6.692685e-01,6.183466e-01,-6.080754e+01,1.909775e+01,2.940102e-01,1.372647e+02,5.995148e+01,-2.540589e+01,2.880124e-06,
1.379999e+01,-4.115591e-01,-6.698903e-01,6.179532e-01,-6.078262e+01,1.908341e+01,2.942205e-01,1.373094e+02,5.997982e+01,-2.540444e+01,2.881084e-06,
1.382999e+01,-4.113887e-01,-6.689498e-01,6.190844e-01,-6.079528e+01,1.912465e+01,2.943056e-01,1.372171e+02,5.993248e+01,-2.540400e+01,2.881373e-06,
1.385999e+01,-4.117032e-01,-6.689609e-01,6.188633e-01,-6.080484e+01,1.911659e+01,2.941484e-01,1.372277e+02,5.995129e+01,-2.540147e+01,2.883057e-06,
1.388999e+01,-4.117831e-01,-6.694321e-01,6.183004e-01,-6.079831e+01,1.909606e+01,2.941085e-01,1.372738e+02,5.993925e+01,-2.539873e+01,2.884872e-06,
1.391999e+01,-4.120735e-01,-6.693667e-01,6.181777e-01,-6.080858e+01,1.909159e+01,2.939633e-01,1.372767e+02,5.995557e+01,-2.539950e+01,2.884364e-06,
1.394999e+01,-4.116367e-01,-6.700162e-01,6.177650e-01,-6.078262e+01,1.907655e+01,2.941817e-01,1.373235e+02,5.998341e+01,-2.540248e+01,2.882384e-06,
1.397999e+01,-4.114457e-01,-6.689840e-01,6.190096e-01,-6.079639e+01,1.912192e+01,2.942772e-01,1.372220e+02,5.992020e+01,-2.540551e+01,2.880375e-06,
1.400999e+01,-4.117327e-01,-6.692019e-01,6.185830e-01,-6.080115e+01,1.910637e+01,2.941336e-01,1.372510e+02,5.996367e+01,-2.540454e+01,2.881018e-06,
1.403999e+01,-4.117170e-01,-6.692309e-01,6.185621e-01,-6.080011e+01,1.910560e+01,2.941415e-01,1.372532e+02,5.992830e+01,-2.540174e+01,2.882876e-06,
1.406999e+01,-4.120798e-01,-6.699113e-01,6.175833e-01,-6.079837e+01,1.906993e+01,2.939601e-01,1.373274e+02,5.996618e+01,-2.540433e+01,2.881154e-06,
1.409999e+01,-4.116898e-01,-6.700305e-01,6.177140e-01,-6.078400e+01,1.907470e+01,2.941551e-01,1.373264e+02,5.997137e+01,-2.540747e+01,2.879073e-06,
1.412999e+01,-4.112572e-01,-6.687561e-01,6.193810e-01,-6.079489e+01,1.913547e+01,2.943714e-01,1.371951e+02,5.992551e+01,-2.540235e+01,2.882472e-06,
1.415999e+01,-4.122306e-01,-6.687780e-01,6.187098e-01,-6.082471e+01,1.911099e+01,2.938847e-01,1.372270e+02,5.995086e+01,-2.540306e+01,2.882003e-06,
1.418999e+01,-4.116630e-01,-6.692421e-01,6.185860e-01,-6.079821e+01,1.910647e+01,2.941685e-01,1.372525e+02,5.992672e+01,-2.539779e+01,2.885499e-06,
1.421999e+01,-4.122872e-01,-6.696136e-01,6.177676e-01,-6.081049e+01,1.907665e+01,2.938564e-01,1.373062e+02,5.997108e+01,-2.539974e+01,2.884203e-06,
1.424999e+01,-4.114886e-01,-6.696663e-01,6.182428e-01,-6.078470e+01,1.909397e+01,2.942557e-01,1.372865e+02,5.995517e+01,-2.540094e+01,2.883405e-06,
1.427999e+01,-4.114621e-01,-6.693471e-01,6.186061e-01,-6.078997e+01,1.910721e+01,2.942690e-01,1.372561e+02,5.994325e+01,-2.540068e+01,2.883580e-06,
1.430999e+01,-4.117119e-01,-6.692841e-01,6.185080e-01,-6.079893e+01,1.910363e+01,2.941440e-01,1.372579e+02,5.996231e+01,-2.540229e+01,2.882511e-06,
1.433999e+01,-4.117604e-01,-6.694840e-01,6.182593e-01,-6.079662e+01,1.909457e+01,2.941198e-01,1.372779e+02,5.994624e+01,-2.540288e+01,2.882119e-06,
1.436999e+01,-4.119754e-01,-6.695579e-01,6.180360e-01,-6.080188e+01,1.908643e+01,2.940123e-01,1.372914e+02,5.995073e+01,-2.540607e+01,2.880001e-06,
1.439999e+01,-4.113398e-01,-6.697721e-01,6.182273e-01,-6.077806e+01,1.909340e+01,2.943301e-01,1.372917e+02,5.996242e+01,-2.540326e+01,2.881870e-06,
1.442999e+01,-4.112720e-01,-6.686626e-01,6.194721e-01,-6.079714e+01,1.913880e+01,2.943640e-01,1.371869e+02,5.991858e+01,-2.540094e+01,2.883408e-06,
1.445999e+01,-4.117983e-01,-6.694203e-01,6.183030e-01,-6.079901e+01,1.909616e+01,2.941009e-01,1.372732e+02,5.996607e+01,-2.540181e+01,2.882833e-06,
1.448999e+01,-4.117633e-01,-6.696055e-01,6.181258e-01,-6.079439e+01,1.908970e+01,2.941183e-01,1.372893e+02,5.994817e+01,-2.540232e+01,2.882491e-06,
1.451999e+01,-4.122422e-01,-6.690964e-01,6.183578e-01,-6.081898e+01,1.909816e+01,2.938789e-01,1.372569e+02,5.996348e+01,-2.540160e+01,2.882972e-06,
1.454999e+01,-4.115533e-01,-6.696585e-01,6.182082e-01,-6.078686e+01,1.909270e+01,2.942234e-01,1.372878e+02,5.996023e+01,-2.539925e+01,2.884531e-06,
1.457999e+01,-4.116154e-01,-6.689661e-01,6.189161e-01,-6.080201e+01,1.911851e+01,2.941923e-01,1.372255e+02,5.993337e+01,-2.540033e+01,2.883811e-06,
1.460999e+01,-4.119516e-01,-6.692094e-01,6.184291e-01,-6.080780e+01,1.910076e+01,2.940242e-01,1.372584e+02,5.996850e+01,-2.540076e+01,2.883526e-06,
1.463999e+01,-4.117972e-01,-6.691194e-01,6.186293e-01,-6.080473e+01,1.910806e+01,2.941014e-01,1.372453e+02,5.993622e+01,-2.540050e+01,2.883698e-06,
1.466999e+01,-4.123457e-01,-6.697283e-01,6.176043e-01,-6.081012e+01,1.907070e+01,2.938272e-01,1.373186e+02,5.996787e+01,-2.540401e+01,2.881371e-06,
1.469999e+01,-4.115761e-01,-6.694458e-01,6.184233e-01,-6.079163e+01,1.910054e+01,2.942119e-01,1.372687e+02,5.995751e+01,-2.540124e+01,2.883206e-06,
1.472999e+01,-4.114279e-01,-6.695061e-01,6.184567e-01,-6.078587e+01,1.910176e+01,2.942860e-01,1.372698e+02,5.995150e+01,-2.540304e+01,2.882012e-06,
1.475999e+01,-4.120068e-01,-6.685540e-01,6.191010e-01,-6.082205e+01,1.912526e+01,2.939966e-01,1.371994e+02,5.995670e+01,-2.540205e+01,2.882668e-06,
1.478999e+01,-4.118054e-01,-6.692761e-01,6.184544e-01,-6.080199e+01,1.910168e+01,2.940973e-01,1.372601e+02,5.994286e+01,-2.540146e+01,2.883059e-06,
1.481999e+01,-4.120395e-01,-6.695736e-01,6.179762e-01,-6.080357e+01,1.908425e+01,2.939803e-01,1.372948e+02,5.995084e+01,-2.540020e+01,2.883899e-06,
1.484999e+01,-4.117158e-01,-6.697322e-01,6.180201e-01,-6.079050e+01,1.908585e+01,2.941421e-01,1.372996e+02,5.996325e+01,-2.540122e+01,2.883220e-06,
1.487999e+01,-4.113473e-01,-6.692010e-01,6.188404e-01,-6.078919e+01,1.911575e+01,2.943264e-01,1.372390e+02,5.993927e+01,-2.539951e+01,2.884356e-06,
1.490999e+01,-4.118767e-01,-6.694240e-01,6.182468e-01,-6.080138e+01,1.909411e+01,2.940616e-01,1.372760e+02,5.997755e+01,-2.540021e+01,2.883891e-06,
1.493999e+01,-4.117822e-01,-6.696749e-01,6.180380e-01,-6.079365e+01,1.908650e+01,2.941089e-01,1.372963e+02,5.995118e+01,-2.540447e+01,2.881065e-06,
1.496999e+01,-4.119255e-01,-6.694877e-01,6.181454e-01,-6.080167e+01,1.909041e+01,2.940373e-01,1.372834e+02,5.996988e+01,-2.540650e+01,2.879716e-06,
1.499999e+01,-4.116598e-01,-6.691235e-01,6.187164e-01,-6.080038e+01,1.911123e+01,2.941701e-01,1.372415e+02,5.994317e+01,-2.540358e+01,2.881655e-06,
1.502999e+01,-4.114330e-01,-6.690803e-01,6.189139e-01,-6.079416e+01,1.911843e+01,2.942835e-01,1.372305e+02,5.992731e+01,-2.539880e+01,2.884829e-06,
1.505999e+01,-4.116418e-01,-6.687008e-01,6.191852e-01,-6.080790e+01,1.912833e+01,2.941791e-01,1.372018e+02,5.993340e+01,-2.539401e+01,2.888012e-06,
1.508999e+01,-4.118084e-01,-6.702136e-01,6.174363e-01,-6.078419e+01,1.906458e+01,2.940958e-01,1.373471e+02,5.996991e+01,-2.539631e+01,2.886486e-06,
1.511999e+01,-4.121059e-01,-6.691939e-01,6.183431e-01,-6.081289e+01,1.909762e+01,2.939471e-01,1.372617e+02,5.994770e+01,-2.540123e+01,2.883213e-06,
1.514999e+01,-4.114528e-01,-6.695813e-01,6.183587e-01,-6.078521e+01,1.909819e+01,2.942736e-01,1.372775e+02,5.995681e+01,-2.539651e+01,2.886350e-06,
1.517999e+01,-4.115693e-01,-6.693261e-01,6.185574e-01,-6.079370e+01,1.910543e+01,2.942153e-01,1.372574e+02,5.994315e+01,-2.540164e+01,2.882944e-06,
1.520999e+01,-4.118711e-01,-6.689253e-01,6.187901e-01,-6.081073e+01,1.911392e+01,2.940645e-01,1.372296e+02,5.994669e+01,-2.539936e+01,2.884458e-06,
1.523999e+01,-4.116710e-01,-6.697435e-01,6.180377e-01,-6.078889e+01,1.908649e+01,2.941645e-01,1.372992e+02,5.995559e+01,-2.540053e+01,2.883683e-06,
1.526999e+01,-4.119156e-01,-6.692466e-01,6.184129e-01,-6.080597e+01,1.910016e+01,2.940422e-01,1.372607e+02,5.994846e+01,-2.540049e+01,2.883704e-06,
1.529999e+01,-4.116597e-01,-6.695910e-01,6.182105e-01,-6.079145e+01,1.909278e+01,2.941701e-01,1.372848e+02,5.996363e+01,-2.540074e+01,2.883541e-06,
1.532999e+01,-4.114349e-01,-6.689594e-01,6.190433e-01,-6.079653e+01,1.912315e+01,2.942825e-01,1.372194e+02,5.992883e+01,-2.539788e+01,2.885440e-06,
